,Year,Country,Rank,Happiness_score,Live_expect_score,Helth_life_exp_age,Region
0,2017,Norway,1,7.537000179290769,0.796666502952576,73.0999984741211,Western Europe
1,2017,Denmark,2,7.52199983596802,0.7925655245780941,72.0999984741211,Western Europe
2,2017,Iceland,3,7.50400018692017,0.8335521221160892,73.0,Western Europe
3,2017,Switzerland,4,7.49399995803833,0.858131289482117,73.80000305175781,Western Europe
4,2017,Finland,5,7.468999862670901,0.80915766954422,71.80000305175781,Western Europe
5,2017,Netherlands,6,7.3769998550415,0.8106961250305179,72.19999694824219,Western Europe
6,2017,Canada,7,7.31599998474121,0.83455765247345,73.4000015258789,North America and ANZ
7,2017,New Zealand,8,7.31400012969971,0.816759705543518,73.0,North America and ANZ
8,2017,Sweden,9,7.28399991989136,0.830875158309937,72.5,Western Europe
9,2017,Australia,10,7.28399991989136,0.84388679265976,73.30000305175781,North America and ANZ
10,2017,Israel,11,7.212999820709231,0.83840399980545,73.0999984741211,Middle East and North Africa
11,2017,Costa Rica,12,7.0789999961853,0.7595092654228209,71.0999984741211,Latin America and Caribbean
12,2017,Austria,13,7.00600004196167,0.8153284192085269,72.69999694824219,Western Europe
13,2017,United States,14,6.993000030517581,0.7742866277694699,68.40000152587889,North America and ANZ
14,2017,Ireland,15,6.977000236511231,0.8097826242446899,72.19999694824219,Western Europe
15,2017,Germany,16,6.9510002136230495,0.798950731754303,71.9000015258789,Western Europe
16,2017,Belgium,17,6.89099979400635,0.8180918693542479,71.80000305175781,Western Europe
17,2017,Luxembourg,18,6.86299991607666,0.845089495182037,72.5999984741211,Western Europe
18,2017,United Kingdom,19,6.71400022506714,0.805335938930511,72.0999984741211,Western Europe
19,2017,Chile,20,6.65199995040894,0.8194797039031979,69.80000305175781,Latin America and Caribbean
20,2017,United Arab Emirates,21,6.6479997634887695,0.726798236370087,66.90000152587889,Middle East and North Africa
21,2017,Brazil,22,6.63500022888184,0.6165523529052729,66.19999694824219,Latin America and Caribbean
22,2017,Czech Republic,23,6.60900020599365,0.754444003105164,69.80000305175781,Central and Eastern Europe
23,2017,Argentina,24,6.59899997711182,0.695137083530426,68.59999847412111,Latin America and Caribbean
24,2017,Mexico,25,6.57800006866455,0.709978997707367,68.0,Latin America and Caribbean
25,2017,Singapore,26,6.57200002670288,0.9494923949241642,76.5,Southeast Asia
26,2017,Malta,27,6.52699995040894,0.821944236755371,72.19999694824219,Western Europe
27,2017,Uruguay,28,6.4539999961853,0.719216823577881,68.90000152587889,Latin America and Caribbean
28,2017,Guatemala,29,6.4539999961853,0.540239989757538,64.5,Latin America and Caribbean
29,2017,Panama,30,6.4520001411438,0.706156134605408,69.5,Latin America and Caribbean
30,2017,France,31,6.44199991226196,0.8444658517837521,73.5999984741211,Western Europe
31,2017,Thailand,32,6.423999786376951,0.647239029407501,67.0,Southeast Asia
32,2017,Taiwan,33,6.42199993133545,0.793984234333038,69.59999847412111,
33,2017,Spain,34,6.40299987792969,0.888960599899292,74.0999984741211,Western Europe
34,2017,Qatar,35,6.375,0.7100980877876278,79.91,
35,2017,Colombia,36,6.35699987411499,0.595027923583984,67.40000152587889,Latin America and Caribbean
36,2017,Saudi Arabia,37,6.343999862670901,0.590148329734802,66.0,Middle East and North Africa
37,2017,Trinidad & Tobago,38,6.1680002212524405,0.5199832916259771,63.5,
38,2017,Kuwait,39,6.10500001907349,0.6321057081222529,66.5,Middle East and North Africa
39,2017,Slovakia,40,6.09800004959106,0.712732911109924,68.59999847412111,Central and Eastern Europe
40,2017,Bahrain,41,6.08699989318848,0.653133034706116,68.5,Middle East and North Africa
41,2017,Malaysia,42,6.08400011062622,0.618784427642822,67.10071818033855,Southeast Asia
42,2017,Nicaragua,43,6.07100009918213,0.6530959606170649,67.19999694824219,Latin America and Caribbean
43,2017,Ecuador,44,6.00799989700317,0.685636222362518,68.19999694824219,Latin America and Caribbean
44,2017,El Salvador,45,6.0029997825622585,0.596018552780151,65.80000305175781,Latin America and Caribbean
45,2017,Poland,46,5.97300004959106,0.699475347995758,68.90000152587889,Central and Eastern Europe
46,2017,Uzbekistan,47,5.97100019454956,0.498272627592087,64.80000305175781,Commonwealth of Independent States
47,2017,Italy,48,5.96400022506714,0.8531443476676941,73.4000015258789,Western Europe
48,2017,Russia,49,5.962999820709231,0.547349333763123,63.9000015258789,Commonwealth of Independent States
49,2017,Belize,50,5.955999851226809,0.450191766023636,74.18,
50,2017,Japan,51,5.92000007629395,0.9134758710861208,74.9000015258789,East Asia
51,2017,Lithuania,52,5.90199995040894,0.62894994020462,66.69999694824219,Central and Eastern Europe
52,2017,Algeria,53,5.8720002174377415,0.6175846457481379,65.69999694824219,Middle East and North Africa
53,2017,Latvia,54,5.849999904632571,0.638566970825195,66.5,Central and Eastern Europe
54,2017,South Korea,55,5.837999820709231,0.900214076042175,73.30000305175781,East Asia
55,2017,Moldova,56,5.837999820709231,0.5894652009010309,64.30000305175781,Commonwealth of Independent States
56,2017,Romania,57,5.824999809265139,0.6851583123207089,66.90000152587889,Central and Eastern Europe
57,2017,Bolivia,58,5.82299995422363,0.4736302495002751,63.29999923706055,Latin America and Caribbean
58,2017,Turkmenistan,59,5.82200002670288,0.437726080417633,61.79999923706055,Commonwealth of Independent States
59,2017,Kazakhstan,60,5.8189997673034695,0.6060415506362921,64.0,Commonwealth of Independent States
60,2017,Northern Cyprus,61,5.80999994277954,0.834647238254547,73.70222473144531,
61,2017,Slovenia,62,5.75799989700317,0.7908282279968258,70.80000305175781,Central and Eastern Europe
62,2017,Peru,63,5.71500015258789,0.6301661133766171,67.80000305175781,Latin America and Caribbean
63,2017,Mauritius,64,5.62900018692017,0.6380074620246889,66.09999847412111,Sub-Saharan Africa
64,2017,Cyprus,65,5.62099981307983,0.84471470117569,73.5,Western Europe
65,2017,Estonia,66,5.61100006103516,0.695168316364288,68.40000152587889,Central and Eastern Europe
66,2017,Belarus,67,5.5689997673034695,0.6377142667770389,65.80000305175781,Commonwealth of Independent States
67,2017,Libya,68,5.525000095367429,0.520169019699097,62.29999923706055,Middle East and North Africa
68,2017,Turkey,69,5.5,0.6376056075096129,66.40000152587889,Middle East and North Africa
69,2017,Paraguay,70,5.493000030517581,0.579250693321228,65.5,Latin America and Caribbean
70,2017,Hong Kong,71,5.47200012207031,0.943062424659729,76.7717056274414,
71,2017,Philippines,72,5.42999982833862,0.468009054660797,61.79999923706055,Southeast Asia
72,2017,Serbia,73,5.39499998092651,0.65078467130661,67.80000305175781,Central and Eastern Europe
73,2017,Jordan,74,5.33599996566772,0.6045900583267211,66.59999847412111,Middle East and North Africa
74,2017,Hungary,75,5.32399988174438,0.6877634525299069,67.19999694824219,Central and Eastern Europe
75,2017,Jamaica,76,5.31099987030029,0.6410223841667181,67.09999847412111,Latin America and Caribbean
76,2017,Croatia,77,5.2930002212524405,0.701288521289825,69.59999847412111,Central and Eastern Europe
77,2017,Kosovo,78,5.27899980545044,0.541452050209045,63.88555526733398,Central and Eastern Europe
78,2017,China,79,5.2729997634887695,0.741415500640869,69.0,East Asia
79,2017,Pakistan,80,5.26900005340576,0.402047783136368,58.099998474121094,South Asia
80,2017,Indonesia,81,5.26200008392334,0.4923457205295561,61.9000015258789,Southeast Asia
81,2017,Venezuela,82,5.25,0.617144227027893,66.30000305175781,Latin America and Caribbean
82,2017,Montenegro,83,5.23699998855591,0.6674646735191351,68.30000305175781,Central and Eastern Europe
83,2017,Morocco,84,5.2350001335144,0.59771066904068,65.59999847412111,Middle East and North Africa
84,2017,Azerbaijan,85,5.2340002059936515,0.5407757759094239,65.19999694824219,Commonwealth of Independent States
85,2017,Dominican Republic,86,5.230000019073491,0.574873745441437,65.5,Latin America and Caribbean
86,2017,Greece,87,5.227000236511231,0.8101989030838009,72.19999694824219,Western Europe
87,2017,Lebanon,88,5.22499990463257,0.7350810766220089,66.59999847412111,Middle East and North Africa
88,2017,Portugal,89,5.19500017166138,0.795843541622162,72.19999694824219,Western Europe
89,2017,Bosnia and Herzegovina,90,5.18200016021729,0.705186307430267,67.5,Central and Eastern Europe
90,2017,Honduras,91,5.1810002326965305,0.582569479942322,67.0,Latin America and Caribbean
91,2017,Macedonia,92,5.1750001907348615,0.644948184490204,67.30000305175781,Central and Eastern Europe
92,2017,Somalia,93,5.151000022888179,0.113989137113094,56.52,
93,2017,Vietnam,94,5.07399988174438,0.6521689891815191,67.69999694824219,Southeast Asia
94,2017,Nigeria,95,5.07399988174438,0.0569157302379608,49.29999923706055,Sub-Saharan Africa
95,2017,Tajikistan,96,5.04099988937378,0.5292351245880129,63.79999923706055,Commonwealth of Independent States
96,2017,Bhutan,97,5.01100015640259,0.495879292488098,70.91,
97,2017,Kyrgyzstan,98,5.0040001869201705,0.553457796573639,63.79999923706055,Commonwealth of Independent States
98,2017,Nepal,99,4.961999893188481,0.504130780696869,62.4000015258789,South Asia
99,2017,Mongolia,100,4.95499992370605,0.557783484458923,62.099998474121094,East Asia
100,2017,South Africa,101,4.8289999961853,0.18708007037639604,56.099998474121094,Sub-Saharan Africa
101,2017,Tunisia,102,4.80499982833862,0.613212049007416,66.59999847412111,Middle East and North Africa
102,2017,Palestinian Territories,103,4.77500009536743,0.565666973590851,62.25,Middle East and North Africa
103,2017,Egypt,104,4.7350001335144,0.520187258720398,61.4000015258789,Middle East and North Africa
104,2017,Bulgaria,105,4.71400022506714,0.708217680454254,66.59999847412111,Central and Eastern Europe
105,2017,Sierra Leone,106,4.70900011062622,0.005564753897488121,49.20000076293945,Sub-Saharan Africa
106,2017,Cameroon,107,4.69500017166138,0.132892116904259,51.9000015258789,Sub-Saharan Africa
107,2017,Iran,108,4.69199991226196,0.639333188533783,65.69999694824219,Middle East and North Africa
108,2017,Albania,109,4.64400005340576,0.731159746646881,68.40000152587889,Central and Eastern Europe
109,2017,Bangladesh,110,4.60799980163574,0.533241033554077,63.79999923706055,South Asia
110,2017,Namibia,111,4.57399988174438,0.33861181139946,56.20000076293945,Sub-Saharan Africa
111,2017,Kenya,112,4.55299997329712,0.30998834967613204,59.5,Sub-Saharan Africa
112,2017,Mozambique,113,4.5500001907348615,0.106654435396194,53.20000076293945,Sub-Saharan Africa
113,2017,Myanmar,114,4.54500007629395,0.397522568702698,58.70000076293945,Southeast Asia
114,2017,Senegal,115,4.53499984741211,0.409362852573395,59.20000076293945,Sub-Saharan Africa
115,2017,Zambia,116,4.513999938964839,0.25783589482307395,54.79999923706055,Sub-Saharan Africa
116,2017,Iraq,117,4.49700021743774,0.501180469989777,59.599998474121094,Middle East and North Africa
117,2017,Gabon,118,4.46500015258789,0.35657858848571794,59.20000076293945,Sub-Saharan Africa
118,2017,Ethiopia,119,4.46000003814697,0.353409707546234,58.0,Sub-Saharan Africa
119,2017,Sri Lanka,120,4.44000005722046,0.625130832195282,67.0,South Asia
120,2017,Armenia,121,4.37599992752075,0.637524425983429,66.59999847412111,Commonwealth of Independent States
121,2017,India,122,4.31500005722046,0.455427616834641,59.70000076293945,South Asia
122,2017,Mauritania,123,4.29199981689453,0.285349279642105,56.70000076293945,Sub-Saharan Africa
123,2017,Congo (Brazzaville),124,4.29099988937378,0.28995743393898,57.29999923706055,Sub-Saharan Africa
124,2017,Georgia,125,4.28599977493286,0.649546980857849,64.69999694824219,Commonwealth of Independent States
125,2017,Congo (Kinshasa),126,4.280000209808351,0.191407024860382,52.9000015258789,Sub-Saharan Africa
126,2017,Mali,127,4.19000005722046,0.16936567425727805,51.20000076293945,Sub-Saharan Africa
127,2017,Ivory Coast,128,4.17999982833862,0.0486421696841717,48.9000015258789,Sub-Saharan Africa
128,2017,Cambodia,129,4.1680002212524405,0.429783403873444,61.20000076293945,Southeast Asia
129,2017,Sudan,130,4.138999938964839,0.290920823812485,64.71,
130,2017,Ghana,131,4.11999988555908,0.29563772678375205,56.79999923706055,Sub-Saharan Africa
131,2017,Ukraine,132,4.09600019454956,0.575903952121735,64.30000305175781,Commonwealth of Independent States
132,2017,Uganda,133,4.08099985122681,0.21763260662555706,55.29999923706055,Sub-Saharan Africa
133,2017,Burkina Faso,134,4.03200006484985,0.21584425866603896,53.4000015258789,Sub-Saharan Africa
134,2017,Niger,135,4.02799987792969,0.26850500702858,53.0,Sub-Saharan Africa
135,2017,Malawi,136,3.97000002861023,0.315089583396912,56.9000015258789,Sub-Saharan Africa
136,2017,Chad,137,3.9360001087188703,0.0411347150802612,47.70000076293945,Sub-Saharan Africa
137,2017,Zimbabwe,138,3.875,0.19676375389099104,55.0,Sub-Saharan Africa
138,2017,Lesotho,139,3.80800008773804,0.0,47.29999923706055,Sub-Saharan Africa
139,2017,Angola,140,3.79500007629395,0.0498686656355858,59.98,
140,2017,Afghanistan,141,3.79399991035461,0.18074677884578694,52.79999923706055,South Asia
141,2017,Botswana,142,3.7660000324249294,0.34175550937652605,58.20000076293945,Sub-Saharan Africa
142,2017,Benin,143,3.65700006484985,0.20993021130561804,53.9000015258789,Sub-Saharan Africa
143,2017,Madagascar,144,3.64400005340576,0.375223308801651,58.70000076293945,Sub-Saharan Africa
144,2017,Haiti,145,3.6029999256134,0.277321130037308,55.5,Latin America and Caribbean
145,2017,Yemen,146,3.59299993515015,0.310080915689468,55.9000015258789,Middle East and North Africa
146,2017,South Sudan,147,3.5910000801086404,0.163486003875732,51.0,Sub-Saharan Africa
147,2017,Liberia,148,3.532999992370609,0.229918196797371,55.29999923706055,Sub-Saharan Africa
148,2017,Guinea,149,3.50699996948242,0.194129139184952,53.29999923706055,Sub-Saharan Africa
149,2017,Togo,150,3.4949998855590803,0.247105568647385,54.29999923706055,Sub-Saharan Africa
150,2017,Rwanda,151,3.47099995613098,0.326424807310104,60.5,Sub-Saharan Africa
151,2017,Syria,152,3.46199989318848,0.5005333423614501,70.97,
152,2017,Tanzania,153,3.34899997711182,0.364509284496307,57.0,Sub-Saharan Africa
153,2017,Burundi,154,2.90499997138977,0.151610791683197,53.4000015258789,Sub-Saharan Africa
154,2017,Central African Republic,155,2.69300007820129,0.0187726859003305,45.20000076293945,Sub-Saharan Africa
155,2018,Finland,1,7.6320000000000014,0.8740000000000001,71.9000015258789,Western Europe
156,2018,Norway,2,7.5939999999999985,0.861,73.19999694824219,Western Europe
157,2018,Denmark,3,7.555,0.868,72.4000015258789,Western Europe
158,2018,Iceland,4,7.495,0.914,73.0,Western Europe
159,2018,Switzerland,5,7.487,0.927,74.0999984741211,Western Europe
160,2018,Netherlands,6,7.441,0.878,72.30000305175781,Western Europe
161,2018,Canada,7,7.3279999999999985,0.8959999999999999,73.5999984741211,North America and ANZ
162,2018,New Zealand,8,7.324,0.8759999999999999,73.19999694824219,North America and ANZ
163,2018,Sweden,9,7.314,0.913,72.5999984741211,Western Europe
164,2018,Australia,10,7.272,0.91,73.5999984741211,North America and ANZ
165,2018,United Kingdom,11,7.19,0.888,72.30000305175781,Western Europe
166,2018,Austria,12,7.1389999999999985,0.8909999999999999,73.0,Western Europe
167,2018,Costa Rica,13,7.072,0.8170000000000001,71.30000305175781,Latin America and Caribbean
168,2018,Ireland,14,6.977,0.8759999999999999,72.30000305175781,Western Europe
169,2018,Germany,15,6.965,0.861,72.19999694824219,Western Europe
170,2018,Belgium,16,6.9270000000000005,0.894,72.0,Western Europe
171,2018,Luxembourg,17,6.91,0.8959999999999999,72.5999984741211,Western Europe
172,2018,United States,18,6.886,0.8190000000000001,68.30000305175781,North America and ANZ
173,2018,Israel,19,6.814,0.883,73.30000305175781,Middle East and North Africa
174,2018,United Arab Emirates,20,6.774,0.67,67.09999847412111,Middle East and North Africa
175,2018,Czech Republic,21,6.711,0.8540000000000001,70.30000305175781,Central and Eastern Europe
176,2018,Malta,22,6.627000000000002,0.884,72.19999694824219,Western Europe
177,2018,France,23,6.489,0.908,73.80000305175781,Western Europe
178,2018,Mexico,24,6.488,0.7609999999999999,68.30000305175781,Latin America and Caribbean
179,2018,Chile,25,6.476,0.8079999999999999,69.90000152587889,Latin America and Caribbean
180,2018,Taiwan,26,6.441,0.857,69.59999847412111,
181,2018,Panama,27,6.43,0.759,69.59999847412111,Latin America and Caribbean
182,2018,Brazil,28,6.419,0.675,66.40000152587889,Latin America and Caribbean
183,2018,Argentina,29,6.388,0.7440000000000001,68.80000305175781,Latin America and Caribbean
184,2018,Guatemala,30,6.3820000000000014,0.608,64.80000305175781,Latin America and Caribbean
185,2018,Uruguay,31,6.379,0.7709999999999999,69.0,Latin America and Caribbean
186,2018,Qatar,32,6.374,0.748,80.02,
187,2018,Saudi Arabia,33,6.371,0.633,66.30000305175781,Middle East and North Africa
188,2018,Singapore,34,6.343,1.008,76.80000305175781,Southeast Asia
189,2018,Malaysia,35,6.322,0.669,67.0,Southeast Asia
190,2018,Spain,36,6.31,0.965,74.4000015258789,Western Europe
191,2018,Colombia,37,6.26,0.635,67.69999694824219,Latin America and Caribbean
192,2018,Trinidad & Tobago,38,6.192,0.564,63.5,
193,2018,Slovakia,39,6.172999999999999,0.7759999999999999,68.90000152587889,Central and Eastern Europe
194,2018,El Salvador,40,6.167000000000002,0.639,66.09999847412111,Latin America and Caribbean
195,2018,Nicaragua,41,6.141,0.7,67.5,Latin America and Caribbean
196,2018,Poland,42,6.122999999999998,0.7809999999999999,69.30000305175781,Central and Eastern Europe
197,2018,Bahrain,43,6.105,0.698,68.5,Middle East and North Africa
198,2018,Uzbekistan,44,6.096,0.605,65.09999847412111,Commonwealth of Independent States
199,2018,Kuwait,45,6.082999999999998,0.675,66.72254943847656,Middle East and North Africa
200,2018,Thailand,46,6.072,0.7070000000000001,67.19999694824219,Southeast Asia
201,2018,Italy,47,6.0,0.946,73.5999984741211,Western Europe
202,2018,Ecuador,48,5.973,0.736,68.5,Latin America and Caribbean
203,2018,Belize,49,5.956,0.474,74.37,
204,2018,Lithuania,50,5.952000000000001,0.716,67.30000305175781,Central and Eastern Europe
205,2018,Slovenia,51,5.948,0.856,71.0999984741211,Central and Eastern Europe
206,2018,Romania,52,5.945,0.726,67.19999694824219,Central and Eastern Europe
207,2018,Latvia,53,5.933,0.6709999999999999,66.80000305175781,Central and Eastern Europe
208,2018,Japan,54,5.915,0.988,75.0,East Asia
209,2018,Mauritius,55,5.891,0.684,66.40000152587889,Sub-Saharan Africa
210,2018,Jamaica,56,5.89,0.693,67.09999847412111,Latin America and Caribbean
211,2018,South Korea,57,5.875,0.955,73.5999984741211,East Asia
212,2018,Northern Cyprus,58,5.835,0.909,73.70222473144531,
213,2018,Russia,59,5.81,0.599,64.30000305175781,Commonwealth of Independent States
214,2018,Kazakhstan,60,5.79,0.631,64.59999847412111,Commonwealth of Independent States
215,2018,Cyprus,61,5.7620000000000005,0.909,73.69999694824219,Western Europe
216,2018,Bolivia,62,5.752000000000002,0.508,63.599998474121094,Latin America and Caribbean
217,2018,Estonia,63,5.739,0.737,68.59999847412111,Central and Eastern Europe
218,2018,Paraguay,64,5.681,0.615,65.6799799601237,Latin America and Caribbean
219,2018,Peru,65,5.6629999999999985,0.674,68.09999847412111,Latin America and Caribbean
220,2018,Kosovo,66,5.662000000000001,0.578,63.88555526733398,Central and Eastern Europe
221,2018,Moldova,67,5.64,0.62,65.0,Commonwealth of Independent States
222,2018,Turkmenistan,68,5.636,0.517,62.20000076293945,Commonwealth of Independent States
223,2018,Hungary,69,5.62,0.732,67.59999847412111,Central and Eastern Europe
224,2018,Libya,70,5.566,0.5529999999999999,62.29999923706055,Middle East and North Africa
225,2018,Philippines,71,5.524,0.513,61.9000015258789,Southeast Asia
226,2018,Honduras,72,5.504,0.622,67.19999694824219,Latin America and Caribbean
227,2018,Belarus,73,5.483,0.7,66.09999847412111,Commonwealth of Independent States
228,2018,Turkey,74,5.483,0.6859999999999999,66.80000305175781,Middle East and North Africa
229,2018,Pakistan,75,5.472,0.424,58.5,South Asia
230,2018,Hong Kong,76,5.43,1.03,76.7717056274414,
231,2018,Portugal,77,5.41,0.884,72.4000015258789,Western Europe
232,2018,Serbia,78,5.398,0.685,68.19999694824219,Central and Eastern Europe
233,2018,Greece,79,5.358,0.879,72.4000015258789,Western Europe
234,2018,Lebanon,80,5.358,0.785,67.09999847412111,Middle East and North Africa
235,2018,Montenegro,81,5.347,0.7290000000000001,68.5,Central and Eastern Europe
236,2018,Croatia,82,5.3210000000000015,0.737,70.19999694824219,Central and Eastern Europe
237,2018,Dominican Republic,83,5.3020000000000005,0.614,65.80000305175781,Latin America and Caribbean
238,2018,Algeria,84,5.295,0.687,65.90000152587889,Middle East and North Africa
239,2018,Morocco,85,5.254,0.669,65.90000152587889,Middle East and North Africa
240,2018,China,86,5.246,0.799,69.30000305175781,East Asia
241,2018,Azerbaijan,87,5.2010000000000005,0.603,65.5,Commonwealth of Independent States
242,2018,Tajikistan,88,5.199,0.598,64.09999847412111,Commonwealth of Independent States
243,2018,Macedonia,89,5.185,0.691,67.5,Central and Eastern Europe
244,2018,Jordan,90,5.1610000000000005,0.645,66.80000305175781,Middle East and North Africa
245,2018,Nigeria,91,5.155,0.048,49.70000076293945,Sub-Saharan Africa
246,2018,Kyrgyzstan,92,5.131,0.594,64.09999847412111,Commonwealth of Independent States
247,2018,Bosnia and Herzegovina,93,5.129,0.758,67.80000305175781,Central and Eastern Europe
248,2018,Mongolia,94,5.125,0.575,62.29999923706055,East Asia
249,2018,Vietnam,95,5.103,0.7020000000000001,67.90000152587889,Southeast Asia
250,2018,Indonesia,96,5.093,0.522,62.099998474121094,Southeast Asia
251,2018,Bhutan,97,5.082,0.527,71.28,
252,2018,Somalia,98,4.982,0.115,56.94,
253,2018,Cameroon,99,4.975,0.182,52.70000076293945,Sub-Saharan Africa
254,2018,Bulgaria,100,4.933,0.7120000000000001,66.80000305175781,Central and Eastern Europe
255,2018,Nepal,101,4.88,0.539,63.5,South Asia
256,2018,Venezuela,102,4.806,0.657,66.5,Latin America and Caribbean
257,2018,Gabon,103,4.758,0.404,59.70000076293945,Sub-Saharan Africa
258,2018,Palestinian Territories,104,4.743,0.602,62.25,Middle East and North Africa
259,2018,South Africa,105,4.724,0.33,56.5,Sub-Saharan Africa
260,2018,Iran,106,4.707,0.691,66.0,Middle East and North Africa
261,2018,Ivory Coast,107,4.671,0.08,49.5,Sub-Saharan Africa
262,2018,Ghana,108,4.657,0.337,57.20000076293945,Sub-Saharan Africa
263,2018,Senegal,109,4.631,0.433,59.599998474121094,Sub-Saharan Africa
264,2018,Laos,110,4.623,0.441,58.70000076293945,Southeast Asia
265,2018,Tunisia,111,4.592,0.69,66.90000152587889,Middle East and North Africa
266,2018,Albania,112,4.586,0.79,68.69999694824219,Central and Eastern Europe
267,2018,Sierra Leone,113,4.5710000000000015,0.0,50.79999923706055,Sub-Saharan Africa
268,2018,Congo (Brazzaville),114,4.559,0.343,57.9000015258789,Sub-Saharan Africa
269,2018,Bangladesh,115,4.5,0.579,64.30000305175781,South Asia
270,2018,Sri Lanka,116,4.471,0.672,67.19999694824219,South Asia
271,2018,Iraq,117,4.456,0.536,60.20000076293945,Middle East and North Africa
272,2018,Mali,118,4.447,0.152,51.70000076293945,Sub-Saharan Africa
273,2018,Namibia,119,4.441,0.365,56.5,Sub-Saharan Africa
274,2018,Cambodia,120,4.433,0.457,61.599998474121094,Southeast Asia
275,2018,Burkina Faso,121,4.424,0.254,53.9000015258789,Sub-Saharan Africa
276,2018,Egypt,122,4.419,0.5529999999999999,61.70000076293945,Middle East and North Africa
277,2018,Mozambique,123,4.417,0.173,54.20000076293945,Sub-Saharan Africa
278,2018,Kenya,124,4.41,0.454,60.099998474121094,Sub-Saharan Africa
279,2018,Zambia,125,4.377,0.295,55.29999923706055,Sub-Saharan Africa
280,2018,Mauritania,126,4.356,0.292,57.0,Sub-Saharan Africa
281,2018,Ethiopia,127,4.35,0.391,58.5,Sub-Saharan Africa
282,2018,Georgia,128,4.34,0.643,64.5,Commonwealth of Independent States
283,2018,Armenia,129,4.3210000000000015,0.6659999999999999,66.90000152587889,Commonwealth of Independent States
284,2018,Myanmar,130,4.308,0.429,59.0,Southeast Asia
285,2018,Chad,131,4.301,0.053,48.20000076293945,Sub-Saharan Africa
286,2018,Congo (Kinshasa),132,4.245,0.204,52.9000015258789,Sub-Saharan Africa
287,2018,India,133,4.19,0.485,60.099998474121094,South Asia
288,2018,Niger,134,4.166,0.221,53.5,Sub-Saharan Africa
289,2018,Uganda,135,4.1610000000000005,0.237,55.70000076293945,Sub-Saharan Africa
290,2018,Benin,136,4.141,0.24,54.29999923706055,Sub-Saharan Africa
291,2018,Sudan,137,4.1389999999999985,0.312,64.95,
292,2018,Ukraine,138,4.103,0.609,64.59999847412111,Commonwealth of Independent States
293,2018,Togo,139,3.999,0.253,54.70000076293945,Sub-Saharan Africa
294,2018,Guinea,140,3.964,0.211,54.4000015258789,Sub-Saharan Africa
295,2018,Lesotho,141,3.808,0.079,48.00120798746745,Sub-Saharan Africa
296,2018,Angola,142,3.795,0.269,60.54,
297,2018,Madagascar,143,3.774,0.402,59.099998474121094,Sub-Saharan Africa
298,2018,Zimbabwe,144,3.692,0.248,55.599998474121094,Sub-Saharan Africa
299,2018,Afghanistan,145,3.632,0.255,52.599998474121094,South Asia
300,2018,Botswana,146,3.59,0.417,58.9000015258789,Sub-Saharan Africa
301,2018,Malawi,147,3.587,0.306,57.599998474121094,Sub-Saharan Africa
302,2018,Haiti,148,3.582,0.289,55.70000076293945,Latin America and Caribbean
303,2018,Liberia,149,3.495,0.267,56.099998474121094,Sub-Saharan Africa
304,2018,Syria,150,3.462,0.539,71.78,
305,2018,Rwanda,151,3.408,0.4,61.099998474121094,Sub-Saharan Africa
306,2018,Yemen,152,3.355,0.343,56.70000076293945,Middle East and North Africa
307,2018,Tanzania,153,3.303,0.381,57.5,Sub-Saharan Africa
308,2018,South Sudan,154,3.254,0.177,51.0,Sub-Saharan Africa
309,2018,Central African Republic,155,3.083,0.01,45.20000076293945,Sub-Saharan Africa
310,2018,Burundi,156,2.905,0.145,53.4000015258789,Sub-Saharan Africa
311,2019,Finland,1,7.769,0.986,72.0,Western Europe
312,2019,Denmark,2,7.6,0.996,72.69999694824219,Western Europe
313,2019,Norway,3,7.5539999999999985,1.028,73.30000305175781,Western Europe
314,2019,Iceland,4,7.494,1.026,73.0,Western Europe
315,2019,Netherlands,5,7.487999999999999,0.999,72.4000015258789,Western Europe
316,2019,Switzerland,6,7.48,1.052,74.4000015258789,Western Europe
317,2019,Sweden,7,7.343,1.009,72.69999694824219,Western Europe
318,2019,New Zealand,8,7.307,1.026,73.4000015258789,North America and ANZ
319,2019,Canada,9,7.278,1.039,73.80000305175781,North America and ANZ
320,2019,Austria,10,7.246,1.016,73.30000305175781,Western Europe
321,2019,Australia,11,7.228,1.036,73.9000015258789,North America and ANZ
322,2019,Costa Rica,12,7.167000000000002,0.963,71.5,Latin America and Caribbean
323,2019,Israel,13,7.1389999999999985,1.029,73.20008595784505,Middle East and North Africa
324,2019,Luxembourg,14,7.09,1.012,72.5999984741211,Western Europe
325,2019,United Kingdom,15,7.0539999999999985,0.996,72.5,Western Europe
326,2019,Ireland,16,7.021,0.999,72.4000015258789,Western Europe
327,2019,Germany,17,6.985,0.987,72.5,Western Europe
328,2019,Belgium,18,6.922999999999999,0.986,72.19999694824219,Western Europe
329,2019,United States,19,6.892,0.8740000000000001,68.19999694824219,North America and ANZ
330,2019,Czech Republic,20,6.852,0.92,70.04931386311847,Central and Eastern Europe
331,2019,United Arab Emirates,21,6.825,0.825,67.30000305175781,Middle East and North Africa
332,2019,Malta,22,6.726,0.999,72.19999694824219,Western Europe
333,2019,Mexico,23,6.595,0.861,68.59999847412111,Latin America and Caribbean
334,2019,France,24,6.5920000000000005,1.045,74.0,Western Europe
335,2019,Taiwan,25,6.4460000000000015,0.914,69.59999847412111,
336,2019,Chile,26,6.444,0.92,70.0,Latin America and Caribbean
337,2019,Guatemala,27,6.436,0.746,65.09999847412111,Latin America and Caribbean
338,2019,Saudi Arabia,28,6.375,0.795,66.59999847412111,Middle East and North Africa
339,2019,Qatar,29,6.374,0.871,80.16,
340,2019,Spain,30,6.354,1.062,74.69999694824219,Western Europe
341,2019,Panama,31,6.3210000000000015,0.91,69.69999694824219,Latin America and Caribbean
342,2019,Brazil,32,6.3,0.802,66.59999847412111,Latin America and Caribbean
343,2019,Uruguay,33,6.292999999999998,0.8909999999999999,69.09999847412111,Latin America and Caribbean
344,2019,Singapore,34,6.2620000000000005,1.141,77.0999984741211,Southeast Asia
345,2019,El Salvador,35,6.252999999999999,0.789,66.40000152587889,Latin America and Caribbean
346,2019,Italy,36,6.223,1.039,73.80000305175781,Western Europe
347,2019,Bahrain,37,6.199,0.871,68.5,Middle East and North Africa
348,2019,Slovakia,38,6.198,0.8809999999999999,69.19999694824219,Central and Eastern Europe
349,2019,Trinidad & Tobago,39,6.192,0.713,63.5,
350,2019,Poland,40,6.182,0.884,69.69999694824219,Central and Eastern Europe
351,2019,Uzbekistan,41,6.174,0.7559999999999999,65.40000152587889,Commonwealth of Independent States
352,2019,Lithuania,42,6.149,0.818,67.90000152587889,Central and Eastern Europe
353,2019,Colombia,43,6.125,0.841,68.0,Latin America and Caribbean
354,2019,Slovenia,44,6.1179999999999986,0.953,71.4000015258789,Central and Eastern Europe
355,2019,Nicaragua,45,6.105,0.835,67.80000305175781,Latin America and Caribbean
356,2019,Kosovo,46,6.1,0.758,63.88555526733398,Central and Eastern Europe
357,2019,Argentina,47,6.086,0.8809999999999999,69.0,Latin America and Caribbean
358,2019,Romania,48,6.07,0.825,67.5,Central and Eastern Europe
359,2019,Cyprus,49,6.046,1.042,73.9000015258789,Western Europe
360,2019,Ecuador,50,6.028,0.868,68.80000305175781,Latin America and Caribbean
361,2019,Kuwait,51,6.021,0.8079999999999999,66.90000152587889,Middle East and North Africa
362,2019,Thailand,52,6.007999999999999,0.828,67.40000152587889,Southeast Asia
363,2019,Latvia,53,5.94,0.812,67.09999847412111,Central and Eastern Europe
364,2019,South Korea,54,5.895,1.036,73.9000015258789,East Asia
365,2019,Estonia,55,5.893,0.8740000000000001,68.80000305175781,Central and Eastern Europe
366,2019,Jamaica,56,5.89,0.831,67.09999847412111,Latin America and Caribbean
367,2019,Mauritius,57,5.888,0.7979999999999999,66.69999694824219,Sub-Saharan Africa
368,2019,Japan,58,5.886,1.088,75.0999984741211,East Asia
369,2019,Honduras,59,5.86,0.828,67.40000152587889,Latin America and Caribbean
370,2019,Kazakhstan,60,5.809,0.7290000000000001,65.19999694824219,Commonwealth of Independent States
371,2019,Bolivia,61,5.779,0.706,63.9000015258789,Latin America and Caribbean
372,2019,Hungary,62,5.757999999999999,0.828,68.0,Central and Eastern Europe
373,2019,Paraguay,63,5.7429999999999986,0.777,65.90000152587889,Latin America and Caribbean
374,2019,Northern Cyprus,64,5.718,1.042,73.70222473144531,
375,2019,Peru,65,5.697,0.8540000000000001,68.40000152587889,Latin America and Caribbean
376,2019,Portugal,66,5.693,0.999,72.5999984741211,Western Europe
377,2019,Pakistan,67,5.653,0.535,58.28437805175781,South Asia
378,2019,Russia,68,5.648,0.726,64.10015360514322,Commonwealth of Independent States
379,2019,Philippines,69,5.631,0.657,62.0,Southeast Asia
380,2019,Serbia,70,5.603,0.8540000000000001,68.59999847412111,Central and Eastern Europe
381,2019,Moldova,71,5.529,0.7390000000000001,65.69999694824219,Commonwealth of Independent States
382,2019,Libya,72,5.525,0.6729999999999999,62.29999923706055,Middle East and North Africa
383,2019,Montenegro,73,5.523,0.871,68.69999694824219,Central and Eastern Europe
384,2019,Tajikistan,74,5.4670000000000005,0.718,64.40000152587889,Commonwealth of Independent States
385,2019,Croatia,75,5.432,0.914,70.80000305175781,Central and Eastern Europe
386,2019,Hong Kong,76,5.43,1.122,76.7717056274414,
387,2019,Dominican Republic,77,5.425,0.779,66.09999847412111,Latin America and Caribbean
388,2019,Bosnia and Herzegovina,78,5.386,0.845,68.09999847412111,Central and Eastern Europe
389,2019,Turkey,79,5.372999999999998,0.8079999999999999,67.19999694824219,Middle East and North Africa
390,2019,Malaysia,80,5.339,0.828,67.19999694824219,Southeast Asia
391,2019,Belarus,81,5.323,0.789,66.40000152587889,Commonwealth of Independent States
392,2019,Greece,82,5.287000000000001,0.999,72.5999984741211,Western Europe
393,2019,Mongolia,83,5.285,0.667,62.5,East Asia
394,2019,Macedonia,84,5.274,0.838,67.69999694824219,Central and Eastern Europe
395,2019,Nigeria,85,5.265,0.245,50.099998474121094,Sub-Saharan Africa
396,2019,Kyrgyzstan,86,5.261,0.723,64.40000152587889,Commonwealth of Independent States
397,2019,Turkmenistan,87,5.247000000000001,0.657,62.599998474121094,Commonwealth of Independent States
398,2019,Algeria,88,5.211,0.785,66.09999847412111,Middle East and North Africa
399,2019,Morocco,89,5.207999999999998,0.782,66.19999694824219,Middle East and North Africa
400,2019,Azerbaijan,90,5.207999999999998,0.769,65.80000305175781,Commonwealth of Independent States
401,2019,Lebanon,91,5.197,0.815,67.59999847412111,Middle East and North Africa
402,2019,Indonesia,92,5.192,0.66,62.29999923706055,Southeast Asia
403,2019,China,93,5.191,0.893,69.59999847412111,East Asia
404,2019,Vietnam,94,5.175,0.851,68.09999847412111,Southeast Asia
405,2019,Bhutan,95,5.082,0.604,71.58,
406,2019,Cameroon,96,5.044,0.331,53.5,Sub-Saharan Africa
407,2019,Bulgaria,97,5.011,0.815,67.0,Central and Eastern Europe
408,2019,Ghana,98,4.996,0.486,57.599998474121094,Sub-Saharan Africa
409,2019,Ivory Coast,99,4.944,0.232,50.099998474121094,Sub-Saharan Africa
410,2019,Nepal,100,4.913,0.677,64.59999847412111,South Asia
411,2019,Jordan,101,4.9060000000000015,0.815,67.0,Middle East and North Africa
412,2019,Benin,102,4.883,0.397,54.70000076293945,Sub-Saharan Africa
413,2019,Congo (Brazzaville),103,4.812,0.508,58.5,Sub-Saharan Africa
414,2019,Gabon,104,4.799,0.5710000000000001,60.20000076293945,Sub-Saharan Africa
415,2019,Laos,105,4.796,0.551,59.099998474121094,Southeast Asia
416,2019,South Africa,106,4.722,0.469,56.9000015258789,Sub-Saharan Africa
417,2019,Albania,107,4.7189999999999985,0.8740000000000001,69.0,Central and Eastern Europe
418,2019,Venezuela,108,4.707,0.805,66.69999694824219,Latin America and Caribbean
419,2019,Cambodia,109,4.7,0.637,62.0,Southeast Asia
420,2019,Palestinian Territories,110,4.6960000000000015,0.672,62.25,Middle East and North Africa
421,2019,Senegal,111,4.681,0.5710000000000001,60.0,Sub-Saharan Africa
422,2019,Somalia,112,4.668,0.268,57.22,
423,2019,Namibia,113,4.6389999999999985,0.477,56.79999923706055,Sub-Saharan Africa
424,2019,Niger,114,4.628,0.366,54.0,Sub-Saharan Africa
425,2019,Burkina Faso,115,4.587,0.38,54.4000015258789,Sub-Saharan Africa
426,2019,Armenia,116,4.559,0.815,66.75021870930989,Commonwealth of Independent States
427,2019,Iran,117,4.548,0.785,66.30000305175781,Middle East and North Africa
428,2019,Guinea,118,4.534,0.375,55.5,Sub-Saharan Africa
429,2019,Georgia,119,4.519,0.752,64.30000305175781,Commonwealth of Independent States
430,2019,Gambia,120,4.516,0.428,55.29999923706055,Sub-Saharan Africa
431,2019,Kenya,121,4.509,0.581,60.70000076293945,Sub-Saharan Africa
432,2019,Mauritania,122,4.49,0.489,57.29999923706055,Sub-Saharan Africa
433,2019,Mozambique,123,4.466,0.39,55.20000076293945,Sub-Saharan Africa
434,2019,Tunisia,124,4.461,0.815,67.19999694824219,Middle East and North Africa
435,2019,Bangladesh,125,4.456,0.723,64.80000305175781,South Asia
436,2019,Iraq,126,4.437,0.574,59.901182810465485,Middle East and North Africa
437,2019,Congo (Kinshasa),127,4.418,0.35700000000000004,52.9000015258789,Sub-Saharan Africa
438,2019,Mali,128,4.39,0.308,52.20000076293945,Sub-Saharan Africa
439,2019,Sierra Leone,129,4.374,0.242,52.4000015258789,Sub-Saharan Africa
440,2019,Sri Lanka,130,4.3660000000000005,0.831,67.40000152587889,South Asia
441,2019,Myanmar,131,4.36,0.555,59.29999923706055,Southeast Asia
442,2019,Chad,132,4.35,0.192,48.70000076293945,Sub-Saharan Africa
443,2019,Ukraine,133,4.332,0.7390000000000001,64.90000152587889,Commonwealth of Independent States
444,2019,Ethiopia,134,4.2860000000000005,0.532,59.0,Sub-Saharan Africa
445,2019,Swaziland,135,4.212,0.0,51.73661804199219,Sub-Saharan Africa
446,2019,Uganda,136,4.189,0.443,56.099998474121094,Sub-Saharan Africa
447,2019,Egypt,137,4.166,0.644,62.0,Middle East and North Africa
448,2019,Zambia,138,4.107,0.426,55.79999923706055,Sub-Saharan Africa
449,2019,Togo,139,4.085,0.41,55.099998474121094,Sub-Saharan Africa
450,2019,India,140,4.015,0.588,60.5,South Asia
451,2019,Liberia,141,3.975,0.443,56.9000015258789,Sub-Saharan Africa
452,2019,Comoros,142,3.973,0.505,57.5,Sub-Saharan Africa
453,2019,Madagascar,143,3.933,0.555,59.5,Sub-Saharan Africa
454,2019,Lesotho,144,3.802,0.168,48.70000076293945,Sub-Saharan Africa
455,2019,Burundi,145,3.775,0.38,53.4000015258789,Sub-Saharan Africa
456,2019,Zimbabwe,146,3.663,0.433,56.20000076293945,Sub-Saharan Africa
457,2019,Haiti,147,3.597,0.449,55.59954198201498,Latin America and Caribbean
458,2019,Botswana,148,3.488,0.5379999999999999,59.599998474121094,Sub-Saharan Africa
459,2019,Syria,149,3.462,0.44,72.7,
460,2019,Malawi,150,3.41,0.495,58.29999923706055,Sub-Saharan Africa
461,2019,Yemen,151,3.38,0.463,57.5,Middle East and North Africa
462,2019,Rwanda,152,3.334,0.614,61.70000076293945,Sub-Saharan Africa
463,2019,Tanzania,153,3.2310000000000003,0.499,58.0,Sub-Saharan Africa
464,2019,Afghanistan,154,3.2030000000000003,0.361,52.4000015258789,South Asia
465,2019,Central African Republic,155,3.083,0.105,45.20000076293945,Sub-Saharan Africa
466,2019,South Sudan,156,2.853,0.295,51.0,Sub-Saharan Africa
467,2020,Finland,1,7.808700084686278,0.9612714052200316,71.90082550048828,Western Europe
468,2020,Denmark,2,7.645599842071532,0.9793325662612916,72.40250396728516,Western Europe
469,2020,Switzerland,3,7.5598998069763175,1.040533185005188,74.10244750976562,Western Europe
470,2020,Iceland,4,7.504499912261963,1.0008434057235718,73.0,Western Europe
471,2020,Norway,5,7.48799991607666,1.0080718994140625,73.2007827758789,Western Europe
472,2020,Netherlands,6,7.44890022277832,0.9756753444671632,72.30091857910156,Western Europe
473,2020,Sweden,7,7.353499889373778,0.9864704608917236,72.60076904296875,Western Europe
474,2020,New Zealand,8,7.299600124359131,1.0081382989883425,73.20262908935547,North America and ANZ
475,2020,Austria,9,7.29419994354248,1.0009335279464722,73.00250244140625,Western Europe
476,2020,Luxembourg,10,7.237500190734862,0.9864426851272584,72.5999984741211,Western Europe
477,2020,Canada,11,7.232100009918213,1.0225019454956057,73.60160064697266,North America and ANZ
478,2020,Australia,12,7.222799777984619,1.022607684135437,73.60453796386719,North America and ANZ
479,2020,United Kingdom,13,7.164500236511231,0.9757000803947448,72.30160522460938,Western Europe
480,2020,Israel,14,7.128600120544434,1.0080529451370241,73.20025634765625,Middle East and North Africa
481,2020,Costa Rica,15,7.121399879455566,0.9396353363990784,71.29985046386719,Latin America and Caribbean
482,2020,Ireland,16,7.093699932098389,0.9756706953048706,72.30078887939453,Western Europe
483,2020,Germany,17,7.0757999420166025,0.9721148014068604,72.20201873779297,Western Europe
484,2020,United States,18,6.9395999908447275,0.8316180109977722,68.29949951171875,North America and ANZ
485,2020,Czech Republic,19,6.910900115966798,0.8945644497871399,70.04793548583984,Central and Eastern Europe
486,2020,Belgium,20,6.863500118255615,0.9649011492729188,72.00164794921875,Western Europe
487,2020,United Arab Emirates,21,6.790800094604492,0.7878144383430481,67.08278656005861,Middle East and North Africa
488,2020,Malta,22,6.772799968719482,0.9720420241355896,72.19999694824219,Western Europe
489,2020,France,23,6.66379976272583,1.0297142267227173,73.80193328857422,Western Europe
490,2020,Mexico,24,6.4650001525878915,0.8316010236740112,68.29902648925781,Latin America and Caribbean
491,2020,Taiwan,25,6.455399990081787,0.8784379959106445,69.59999847412111,
492,2020,Uruguay,26,6.4401001930236825,0.8569288849830627,69.00254821777344,Latin America and Caribbean
493,2020,Saudi Arabia,27,6.4064998626708975,0.7598181366920471,66.30514526367189,Middle East and North Africa
494,2020,Spain,28,6.400899887084961,1.0513430833816528,74.4027099609375,Western Europe
495,2020,Guatemala,29,6.398900032043457,0.7059525847434998,64.80894470214844,Latin America and Caribbean
496,2020,Italy,30,6.387400150299072,1.0225049257278442,73.6016845703125,Western Europe
497,2020,Singapore,31,6.3770999908447275,1.1378142833709717,76.80458068847656,Southeast Asia
498,2020,Brazil,32,6.37559986114502,0.7661190629005432,66.48016357421875,Latin America and Caribbean
499,2020,Slovenia,33,6.363399982452393,0.9325480461120604,71.10298919677734,Central and Eastern Europe
500,2020,El Salvador,34,6.348299980163574,0.7527300119400024,66.10826110839844,Latin America and Caribbean
501,2020,Kosovo,35,6.325200080871582,0.6727091670036316,63.88555526733398,Central and Eastern Europe
502,2020,Panama,36,6.304800033569336,0.8785465359687805,69.60301208496094,Latin America and Caribbean
503,2020,Slovakia,37,6.280600070953369,0.8534652590751648,68.90634155273439,Central and Eastern Europe
504,2020,Uzbekistan,38,6.257599830627441,0.7167037129402161,65.10757446289061,Commonwealth of Independent States
505,2020,Chile,39,6.228499889373778,0.8892608284950256,69.90061950683594,Latin America and Caribbean
506,2020,Bahrain,40,6.22730016708374,0.8388363718986511,68.5,Middle East and North Africa
507,2020,Lithuania,41,6.215499877929688,0.7954211831092834,67.29407501220703,Central and Eastern Europe
508,2020,Trinidad & Tobago,42,6.19189977645874,0.6588285565376282,63.5,
509,2020,Poland,43,6.186299800872803,0.8680384755134583,69.31113433837889,Central and Eastern Europe
510,2020,Colombia,44,6.163400173187256,0.8100201487541199,67.6995849609375,Latin America and Caribbean
511,2020,Cyprus,45,6.158999919891357,1.0261245965957642,73.70222473144531,Western Europe
512,2020,Nicaragua,46,6.1371002197265625,0.8030932545661926,67.50717926025389,Latin America and Caribbean
513,2020,Romania,47,6.123700141906737,0.7922948598861694,67.20723724365234,Central and Eastern Europe
514,2020,Kuwait,48,6.102099895477295,0.7764689326286316,66.76764678955078,Middle East and North Africa
515,2020,Mauritius,49,6.10129976272583,0.7633894085884094,66.40434265136719,Sub-Saharan Africa
516,2020,Kazakhstan,50,6.057899951934815,0.6987889409065247,64.60996246337889,Commonwealth of Independent States
517,2020,Estonia,51,6.0218000411987305,0.842615008354187,68.60495758056639,Central and Eastern Europe
518,2020,Philippines,52,6.00600004196167,0.6021894812583923,61.92676162719727,Southeast Asia
519,2020,Hungary,53,6.000400066375732,0.8067938685417175,67.60997009277344,Central and Eastern Europe
520,2020,Thailand,54,5.998799800872803,0.7938558459281921,67.25059509277344,Southeast Asia
521,2020,Argentina,55,5.974699974060059,0.8497737050056458,68.80380249023439,Latin America and Caribbean
522,2020,Honduras,56,5.953199863433838,0.7919899821281433,67.19876861572266,Latin America and Caribbean
523,2020,Latvia,57,5.949999809265138,0.7779024243354797,66.80746459960939,Central and Eastern Europe
524,2020,Ecuador,58,5.92519998550415,0.838837742805481,68.50003814697266,Latin America and Caribbean
525,2020,Portugal,59,5.910900115966798,0.9793152809143066,72.40202331542969,Western Europe
526,2020,Jamaica,60,5.889800071716309,0.7884340882301331,67.09999847412111,Latin America and Caribbean
527,2020,South Korea,61,5.8723998069763175,1.0225425958633425,73.60272979736328,East Asia
528,2020,Japan,62,5.870800018310548,1.0728813409805298,75.00096893310547,East Asia
529,2020,Peru,63,5.796800136566162,0.8244441747665405,68.10023498535156,Latin America and Caribbean
530,2020,Serbia,64,5.778200149536133,0.8284032940864563,68.210205078125,Central and Eastern Europe
531,2020,Bolivia,65,5.747499942779541,0.6624456644058228,63.60047149658203,Latin America and Caribbean
532,2020,Pakistan,66,5.693299770355225,0.4699332416057586,58.253135681152344,South Asia
533,2020,Paraguay,67,5.6921000480651855,0.7358696460723877,65.63993835449219,Latin America and Caribbean
534,2020,Dominican Republic,68,5.689199924468994,0.741901695728302,65.80748748779297,Latin America and Caribbean
535,2020,Bosnia and Herzegovina,69,5.674099922180176,0.8139281868934631,67.80813598632811,Central and Eastern Europe
536,2020,Moldova,70,5.607500076293945,0.7132994532585144,65.01301574707031,Commonwealth of Independent States
537,2020,Tajikistan,71,5.555699825286865,0.680594801902771,64.10459136962889,Commonwealth of Independent States
538,2020,Montenegro,72,5.54610013961792,0.8390288949012756,68.50534820556639,Central and Eastern Europe
539,2020,Russia,73,5.546000003814697,0.6804459095001221,64.10045623779297,Commonwealth of Independent States
540,2020,Kyrgyzstan,74,5.5415000915527335,0.6806458830833435,64.10601043701172,Commonwealth of Independent States
541,2020,Belarus,75,5.539899826049805,0.7525885701179504,66.10433197021484,Commonwealth of Independent States
542,2020,Northern Cyprus,76,5.5355000495910645,1.0261245965957642,73.70222473144531,
543,2020,Greece,77,5.514999866485597,0.9794317483901978,72.40525817871094,Western Europe
544,2020,Hong Kong,78,5.51039981842041,1.136630654335022,76.7717056274414,
545,2020,Croatia,79,5.504700183868408,0.9005755782127379,70.21490478515625,Central and Eastern Europe
546,2020,Libya,80,5.488800048828125,0.6156266331672668,62.29999923706055,Middle East and North Africa
547,2020,Mongolia,81,5.456200122833252,0.6157881617546082,62.30448532104492,East Asia
548,2020,Malaysia,82,5.384300231933594,0.7885118722915649,67.10215759277344,Southeast Asia
549,2020,Vietnam,83,5.353499889373778,0.819133996963501,67.95273590087889,Southeast Asia
550,2020,Indonesia,84,5.285600185394287,0.6104370355606079,62.15584945678711,Southeast Asia
551,2020,Ivory Coast,85,5.23330020904541,0.15494251251220706,49.5037727355957,Sub-Saharan Africa
552,2020,Benin,86,5.2160000801086435,0.3280629515647888,54.31246566772461,Sub-Saharan Africa
553,2020,Maldives,87,5.1975998878479,0.9144395589828492,70.5999984741211,South Asia
554,2020,Congo (Brazzaville),88,5.194399833679199,0.4581011235713959,57.92448043823242,Sub-Saharan Africa
555,2020,Azerbaijan,89,5.16480016708374,0.7311340570449829,65.50839996337889,Commonwealth of Independent States
556,2020,Macedonia,90,5.159800052642822,0.8029941320419312,67.50442504882811,Central and Eastern Europe
557,2020,Ghana,91,5.1479997634887695,0.43216225504875183,57.20398712158203,Sub-Saharan Africa
558,2020,Nepal,92,5.137199878692627,0.6688793897628784,63.77917861938477,South Asia
559,2020,Turkey,93,5.131800174713135,0.7813352942466736,66.90281677246094,Middle East and North Africa
560,2020,China,94,5.123899936676025,0.86724853515625,69.28919219970703,East Asia
561,2020,Turkmenistan,95,5.119100093841553,0.6124480366706848,62.211708068847656,Commonwealth of Independent States
562,2020,Bulgaria,96,5.101500034332275,0.7777768969535828,66.80397796630861,Central and Eastern Europe
563,2020,Morocco,97,5.094799995422363,0.7450969219207764,65.896240234375,Middle East and North Africa
564,2020,Cameroon,98,5.08489990234375,0.2701895534992218,52.70494079589844,Sub-Saharan Africa
565,2020,Venezuela,99,5.053199768066406,0.7670255303382874,66.50534057617189,Latin America and Caribbean
566,2020,Algeria,100,5.0050997734069815,0.7454185485839844,65.90517425537111,Middle East and North Africa
567,2020,Senegal,101,4.980800151824951,0.5183919072151184,59.59915161132813,Sub-Saharan Africa
568,2020,Guinea,102,4.949299812316895,0.3336552381515503,54.46780014038086,Sub-Saharan Africa
569,2020,Niger,103,4.909599781036377,0.2988163530826569,53.50009536743164,Sub-Saharan Africa
570,2020,Laos,104,4.888599872589111,0.4863782823085785,58.709922790527344,Southeast Asia
571,2020,Albania,105,4.882699966430664,0.8463296294212341,68.70813751220703,Central and Eastern Europe
572,2020,Cambodia,106,4.848400115966797,0.5879043340682983,61.52996826171875,Southeast Asia
573,2020,Bangladesh,107,4.832799911499023,0.6949405074119568,64.50306701660156,South Asia
574,2020,Gabon,108,4.8292999267578125,0.5225748419761658,59.71533966064453,Sub-Saharan Africa
575,2020,South Africa,109,4.814099788665772,0.4070340692996979,56.50601196289063,Sub-Saharan Africa
576,2020,Iraq,110,4.784800052642822,0.5293506979942322,59.90354919433594,Middle East and North Africa
577,2020,Lebanon,111,4.771500110626222,0.7886711359024048,67.10658264160156,Middle East and North Africa
578,2020,Burkina Faso,112,4.768700122833252,0.3128338754177093,53.88945388793945,Sub-Saharan Africa
579,2020,Gambia,113,4.75059986114502,0.3532478809356689,55.01201629638672,Sub-Saharan Africa
580,2020,Mali,114,4.729300022125244,0.2349815219640732,51.72698211669922,Sub-Saharan Africa
581,2020,Nigeria,115,4.724100112915039,0.16783593595027926,49.86190795898438,Sub-Saharan Africa
582,2020,Armenia,116,4.676799774169922,0.7758572697639465,66.75065612792969,Commonwealth of Independent States
583,2020,Georgia,117,4.672599792480469,0.6946576237678528,64.49520874023439,Commonwealth of Independent States
584,2020,Iran,118,4.672399997711182,0.7490538358688354,66.00614929199219,Middle East and North Africa
585,2020,Jordan,119,4.633399963378906,0.7776247262954712,66.79975128173828,Middle East and North Africa
586,2020,Mozambique,120,4.6236000061035165,0.3242236375808716,54.2058219909668,Sub-Saharan Africa
587,2020,Kenya,121,4.583000183105469,0.5363127589225769,60.09693145751953,Sub-Saharan Africa
588,2020,Namibia,122,4.571100234985352,0.4068711698055267,56.5014877319336,Sub-Saharan Africa
589,2020,Ukraine,123,4.560699939727783,0.6986743807792664,64.60678100585939,Commonwealth of Independent States
590,2020,Liberia,124,4.557899951934815,0.3922842741012573,56.0963134765625,Sub-Saharan Africa
591,2020,Palestinian Territories,125,4.552800178527832,0.61382657289505,62.25,Middle East and North Africa
592,2020,Uganda,126,4.432000160217285,0.3783116638660431,55.70820236206055,Sub-Saharan Africa
593,2020,Chad,127,4.422699928283691,0.10874409973621367,48.22053909301758,Sub-Saharan Africa
594,2020,Tunisia,128,4.392199993133545,0.7811567187309265,66.89785766601561,Middle East and North Africa
595,2020,Mauritania,129,4.3745999336242685,0.4251848161220551,57.01017761230469,Sub-Saharan Africa
596,2020,Sri Lanka,130,4.327000141143799,0.7920367121696472,67.20006561279297,South Asia
597,2020,Congo (Kinshasa),131,4.310999870300293,0.2772120535373688,52.9000015258789,Sub-Saharan Africa
598,2020,Swaziland,132,4.30810022354126,0.2155858278274536,51.18823623657226,Sub-Saharan Africa
599,2020,Myanmar,133,4.308000087738037,0.4954430758953095,58.96171188354492,Southeast Asia
600,2020,Comoros,134,4.288599967956543,0.4373833239078522,57.3490104675293,Sub-Saharan Africa
601,2020,Togo,135,4.18720006942749,0.34273117780685425,54.71989822387695,Sub-Saharan Africa
602,2020,Ethiopia,136,4.186200141906738,0.4838462471961975,58.63959121704102,Sub-Saharan Africa
603,2020,Madagascar,137,4.165599822998047,0.5006170272827148,59.10542678833008,Sub-Saharan Africa
604,2020,Egypt,138,4.151400089263916,0.5969113111495972,61.7801513671875,Middle East and North Africa
605,2020,Sierra Leone,139,3.926399946212769,0.2039539664983749,50.86514282226562,Sub-Saharan Africa
606,2020,Burundi,140,3.775300025939941,0.2952128350734711,53.4000015258789,Sub-Saharan Africa
607,2020,Zambia,141,3.759399890899658,0.363593339920044,55.29937744140625,Sub-Saharan Africa
608,2020,Haiti,142,3.7207999229431152,0.3743667304515839,55.59862518310547,Latin America and Caribbean
609,2020,Lesotho,143,3.6528000831604,0.10093481093645096,48.003623962402344,Sub-Saharan Africa
610,2020,India,144,3.5732998847961426,0.5405701398849487,60.215187072753906,South Asia
611,2020,Malawi,145,3.5380001068115234,0.4461632966995239,57.59288787841797,Sub-Saharan Africa
612,2020,Yemen,146,3.527400016784668,0.4150001704692841,56.7272834777832,Middle East and North Africa
613,2020,Botswana,147,3.478899955749512,0.4941017329692841,58.92445373535156,Sub-Saharan Africa
614,2020,Tanzania,148,3.4762001037597656,0.4426778554916382,57.49607467651367,Sub-Saharan Africa
615,2020,Central African Republic,149,3.4758999347686768,0.0,45.20000076293945,Sub-Saharan Africa
616,2020,Rwanda,150,3.312299966812134,0.5723832845687866,61.09884643554688,Sub-Saharan Africa
617,2020,Zimbabwe,151,3.2992000579833984,0.3750376105308533,55.61725997924805,Sub-Saharan Africa
618,2020,South Sudan,152,2.8166000843048096,0.208809033036232,51.0,Sub-Saharan Africa
619,2020,Afghanistan,153,2.56690001487732,0.2660515308380127,52.59000015258789,South Asia
