,Happines_score,GDP,Social_support,Life_exp_score,Freedom,Generosity,Gov_trust,Life_exp_age
0,7.537000179290769,1.6164631843566901,1.53352355957031,0.796666502952576,0.635422587394714,0.36201223731041,0.31596383452415505,73.0999984741211
1,7.52199983596802,1.48238301277161,1.55112159252167,0.7925655245780941,0.626006722450256,0.3552804887294771,0.40077006816863997,72.0999984741211
2,7.50400018692017,1.480633020401,1.6105740070343,0.8335521221160892,0.6271626353263849,0.47554022073745705,0.15352655947208402,73.0
3,7.49399995803833,1.5649795532226598,1.51691174507141,0.858131289482117,0.620070576667786,0.29054927825927696,0.36700728535652205,73.80000305175781
4,7.468999862670901,1.44357192516327,1.5402467250824,0.80915766954422,0.6179508566856379,0.24548277258873,0.38261154294014,71.80000305175781
5,7.3769998550415,1.50394463539124,1.42893922328949,0.8106961250305179,0.5853844881057739,0.47048982977867104,0.282661825418472,72.19999694824219
6,7.31599998474121,1.47920441627502,1.48134899139404,0.83455765247345,0.611100912094116,0.435539722442627,0.287371516227722,73.4000015258789
7,7.31400012969971,1.40570604801178,1.54819512367249,0.816759705543518,0.6140621304512021,0.500005125999451,0.38281670212745705,73.0
8,7.28399991989136,1.49438726902008,1.47816216945648,0.830875158309937,0.612924098968506,0.38539925217628496,0.384398728609085,72.5
9,7.28399991989136,1.4844149351120002,1.5100419521331798,0.84388679265976,0.601607382297516,0.47769924998283403,0.301183730363846,73.30000305175781
10,7.212999820709231,1.3753824234008798,1.37628996372223,0.83840399980545,0.40598860383033797,0.330082654953003,0.0852421000599861,73.0999984741211
11,7.0789999961853,1.10970628261566,1.4164036512374898,0.7595092654228209,0.580131649971008,0.21461322903633104,0.100106589496136,71.0999984741211
12,7.00600004196167,1.4870972633361799,1.4599449634552,0.8153284192085269,0.567766189575195,0.316472321748734,0.22106036543846105,72.69999694824219
13,6.993000030517581,1.54625928401947,1.4199205636978103,0.7742866277694699,0.505740523338318,0.392578780651093,0.135638788342476,68.40000152587889
14,6.9770002365112305,1.5357066392898602,1.5582311153411899,0.8097826242446899,0.5731103420257571,0.42785832285881,0.29838815331459007,72.19999694824219
15,6.9510002136230495,1.48792338371277,1.47252035140991,0.798950731754303,0.562511384487152,0.33626917004585305,0.276731938123703,71.9000015258789
16,6.89099979400635,1.4637807607650801,1.4623126983642598,0.8180918693542479,0.5397707223892211,0.23150333762168898,0.251343131065369,71.80000305175781
17,6.86299991607666,1.74194359779358,1.45758366584778,0.845089495182037,0.59662789106369,0.283180981874466,0.31883442401886,72.5999984741211
18,6.71400022506714,1.44163393974304,1.4964600801467902,0.805335938930511,0.508190035820007,0.492774158716202,0.265428066253662,72.0999984741211
19,6.65199995040894,1.25278460979462,1.28402495384216,0.8194797039031979,0.376895278692245,0.3266624212265011,0.0822879821062088,69.80000305175781
20,6.6479997634887695,1.6263433694839498,1.2664102315902699,0.726798236370087,0.60834527015686,0.3609419465065,0.324489563703537,66.90000152587889
21,6.6350002288818395,1.1073532104492199,1.43130600452423,0.6165523529052729,0.437453746795654,0.16234989464282998,0.11109276115894301,66.19999694824219
22,6.60900020599365,1.35268235206604,1.4338852167129499,0.754444003105164,0.49094617366790794,0.0881067588925362,0.0368729270994663,69.80000305175781
23,6.59899997711182,1.18529546260834,1.44045114517212,0.695137083530426,0.49451920390129106,0.109457060694695,0.05973988771438599,68.59999847412111
24,6.57800006866455,1.1531838178634601,1.2108621597290001,0.709978997707367,0.412730008363724,0.12099043279886199,0.132774114608765,68.0
25,6.57200002670288,1.69227766990662,1.35381436347961,0.9494923949241642,0.549840569496155,0.345965981483459,0.46430778503417997,76.5
26,6.52699995040894,1.34327983856201,1.48841166496277,0.821944236755371,0.588767051696777,0.5747305750846861,0.153066068887711,72.19999694824219
27,6.4539999961853,1.2175596952438401,1.4122278690338101,0.719216823577881,0.5793922543525699,0.175096929073334,0.17806187272071802,68.90000152587889
28,6.4539999961853,0.872001945972443,1.25558519363403,0.540239989757538,0.5313106179237371,0.283488392829895,0.0772232785820961,64.5
29,6.4520001411438,1.23374843597412,1.3731925487518302,0.706156134605408,0.550026834011078,0.21055693924427,0.070983923971653,69.5
30,6.44199991226196,1.43092346191406,1.38777685165405,0.8444658517837521,0.470222115516663,0.129762306809425,0.172502428293228,73.5999984741211
31,6.4239997863769505,1.12786877155304,1.4257924556732198,0.647239029407501,0.580200731754303,0.572123110294342,0.0316127352416515,67.0
32,6.42199993133545,1.4336265325546298,1.38456535339355,0.793984234333038,0.361466586589813,0.258360475301743,0.0638292357325554,69.59999847412111
33,6.40299987792969,1.38439786434174,1.53209090232849,0.888960599899292,0.408781230449677,0.190133571624756,0.0709140971302986,74.0999984741211
34,6.375,1.8707656860351598,1.27429687976837,0.7100980877876278,0.604130983352661,0.33047387003898604,0.43929925560951205,79.91
35,6.35699987411499,1.07062232494354,1.4021829366683998,0.595027923583984,0.47748741507530196,0.14901447296142598,0.0466687418520451,67.40000152587889
36,6.343999862670901,1.53062355518341,1.28667759895325,0.590148329734802,0.449750572443008,0.147616013884544,0.27343225479126004,66.0
37,6.1680002212524405,1.36135590076447,1.3802285194397,0.5199832916259771,0.518630743026733,0.32529646158218395,0.00896481610834599,63.5
38,6.10500001907349,1.63295245170593,1.25969874858856,0.6321057081222529,0.49633759260177596,0.228289797902107,0.21515955030918102,66.5
39,6.09800004959106,1.32539355754852,1.5050592422485398,0.712732911109924,0.295817464590073,0.136544480919838,0.0242108516395092,68.59999847412111
40,6.08699989318848,1.4884122610092199,1.3231104612350502,0.653133034706116,0.536746919155121,0.17266848683357197,0.257042169570923,68.5
41,6.08400011062622,1.29121541976929,1.28464603424072,0.618784427642822,0.40226498246192893,0.416608929634094,0.0656007081270218,67.10071818033855
42,6.07100009918213,0.737299203872681,1.28721570968628,0.6530959606170649,0.447551846504211,0.301674216985703,0.130687981843948,67.19999694824219
43,6.00799989700317,1.00082039833069,1.2861688137054401,0.685636222362518,0.4551981985569,0.15011246502399403,0.140134647488594,68.19999694824219
44,6.002999782562259,0.9097844958305359,1.1821250915527302,0.596018552780151,0.432452529668808,0.0782579854130745,0.0899809598922729,65.80000305175781
45,5.97300004959106,1.29178786277771,1.44571197032928,0.699475347995758,0.520342111587524,0.158465966582298,0.0593078061938286,68.90000152587889
46,5.97100019454956,0.786441087722778,1.5489691495895401,0.498272627592087,0.6582486629486078,0.41598364710807795,0.246528223156929,64.80000305175781
47,5.96400022506714,1.3950666189193701,1.44492328166962,0.8531443476676941,0.256450712680817,0.17278964817523998,0.0280280914157629,73.4000015258789
48,5.962999820709231,1.28177809715271,1.46928238868713,0.547349333763123,0.373783111572266,0.0522638224065304,0.0329628810286522,63.9000015258789
49,5.955999851226809,0.907975316047668,1.0814177989959701,0.45019176602363603,0.5475093722343439,0.24001564085483604,0.0965810716152191,74.18
50,5.92000007629395,1.41691517829895,1.43633782863617,0.9134758710861209,0.505625545978546,0.12057276815175999,0.163760736584663,74.9000015258789
51,5.90199995040894,1.3145823478698702,1.47351610660553,0.62894994020462,0.234231784939766,0.010164656676352,0.0118656428530812,66.69999694824219
52,5.872000217437741,1.09186446666718,1.1462174654007,0.6175846457481379,0.233335807919502,0.0694366469979286,0.14609611034393302,65.69999694824219
53,5.849999904632571,1.26074862480164,1.40471494197845,0.638566970825195,0.32570791244506797,0.153074786067009,0.0738427266478539,66.5
54,5.837999820709231,1.40167844295502,1.1282744407653797,0.900214076042175,0.257921665906906,0.206674367189407,0.0632826685905457,73.30000305175781
55,5.837999820709231,0.7288706302642819,1.25182557106018,0.5894652009010309,0.24072904884815197,0.20877912640571603,0.0100912861526012,64.30000305175781
56,5.824999809265139,1.21768391132355,1.15009129047394,0.6851583123207089,0.457003742456436,0.133519917726517,0.0043879006989300294,66.90000152587889
57,5.82299995422363,0.833756566047668,1.2276190519332901,0.47363024950027505,0.5587329268455511,0.22556072473526,0.0604777261614799,63.29999923706055
58,5.82200002670288,1.1307767629623402,1.49314916133881,0.437726080417633,0.41827192902565,0.24992498755454998,0.25927034020423895,61.79999923706055
59,5.8189997673034695,1.2845562696456898,1.3843690156936599,0.6060415506362921,0.43745428323745705,0.20196442306041698,0.11928288638591802,64.0
60,5.80999994277954,1.3469113111496,1.18630337715149,0.834647238254547,0.47120362520217896,0.266845703125,0.155353352427483,73.70222473144531
61,5.75799989700317,1.3412059545516999,1.4525188207626298,0.7908282279968258,0.572575807571411,0.242649093270302,0.0451289787888527,70.80000305175781
62,5.71500015258789,1.0352252721786501,1.21877038478851,0.6301661133766171,0.45000287890434293,0.126819714903831,0.0470490865409374,67.80000305175781
63,5.62900018692017,1.1893955469131499,1.20956099033356,0.6380074620246889,0.491247326135635,0.360933750867844,0.0421815551817417,66.09999847412111
64,5.62099981307983,1.3559380769729599,1.13136327266693,0.84471470117569,0.35511153936386103,0.271254301071167,0.0412379764020443,73.5
65,5.61100006103516,1.3208793401718102,1.47667109966278,0.695168316364288,0.479131430387497,0.0988908112049103,0.18324892222881303,68.40000152587889
66,5.5689997673034695,1.15655755996704,1.4449452161788898,0.6377142667770389,0.295400261878967,0.15513750910759,0.156313821673393,65.80000305175781
67,5.525000095367429,1.1018030643463101,1.3575643301010099,0.520169019699097,0.465733230113983,0.15207366645336198,0.0926102101802826,62.29999923706055
68,5.5,1.1982743740081798,1.33775317668915,0.6376056075096129,0.300740599632263,0.0466930419206619,0.0996715798974037,66.40000152587889
69,5.493000030517581,0.932537317276001,1.50728487968445,0.579250693321228,0.473507791757584,0.224150657653809,0.091065913438797,65.5
70,5.47200012207031,1.55167484283447,1.26279091835022,0.943062424659729,0.490968644618988,0.374465793371201,0.29393374919891396,76.7717056274414
71,5.42999982833862,0.85769921541214,1.25391757488251,0.46800905466079706,0.585214674472809,0.193513423204422,0.0993318930268288,61.79999923706055
72,5.39499998092651,1.06931757926941,1.2581897974014298,0.65078467130661,0.20871552824974102,0.22012588381767298,0.0409037806093693,67.80000305175781
73,5.33599996566772,0.9910123944282528,1.2390888929367099,0.6045900583267211,0.418421149253845,0.17217046022415197,0.11980327218771002,66.59999847412111
74,5.32399988174438,1.2860119342803997,1.34313309192657,0.6877634525299069,0.17586351931095098,0.0784016624093056,0.0366369374096394,67.19999694824219
75,5.31099987030029,0.925579309463501,1.3682180643081698,0.6410223841667181,0.474307239055634,0.23381833732128102,0.0552677810192108,67.09999847412111
76,5.2930002212524405,1.22255623340607,0.9679830074310299,0.701288521289825,0.255772292613983,0.248002976179123,0.0431031100451946,69.59999847412111
77,5.27899980545044,0.951484382152557,1.1378535032272301,0.541452050209045,0.260287940502167,0.319931447505951,0.0574716180562973,63.88555526733398
78,5.2729997634887695,1.08116579055786,1.16083741188049,0.741415500640869,0.47278770804405196,0.0288068410009146,0.0227942746132612,69.0
79,5.26900005340576,0.7268835306167599,0.6726906895637509,0.40204778313636796,0.23521526157856,0.31544601917266807,0.12434806674718901,58.099998474121094
80,5.26200008392334,0.995538592338562,1.2744446992874099,0.49234572052955605,0.443323463201523,0.611704587936401,0.0153171354904771,61.9000015258789
81,5.25,1.12843120098114,1.43133759498596,0.617144227027893,0.15399712324142498,0.0650196298956871,0.0644911229610443,66.30000305175781
82,5.23699998855591,1.12112903594971,1.23837649822235,0.6674646735191351,0.194989055395126,0.197911024093628,0.0881741940975189,68.30000305175781
83,5.2350001335144,0.8781145811080929,0.774864435195923,0.59771066904068,0.408158332109451,0.0322099551558495,0.0877631828188896,65.59999847412111
84,5.234000205993651,1.1536017656326298,1.15240025520325,0.5407757759094239,0.39815583825111406,0.0452693402767181,0.180987507104874,65.19999694824219
85,5.230000019073491,1.07937383651733,1.4024167060852097,0.574873745441437,0.55258983373642,0.186967849731445,0.113945253193378,65.5
86,5.2270002365112305,1.28948748111725,1.23941457271576,0.8101989030838009,0.0957312509417534,0.0,0.043289776891470004,72.19999694824219
87,5.22499990463257,1.07498753070831,1.1296242475509601,0.7350810766220089,0.28851598501205394,0.26445075869560203,0.037513829767704,66.59999847412111
88,5.19500017166138,1.3151752948761002,1.36704301834106,0.795843541622162,0.498465299606323,0.0951027125120163,0.0158694516867399,72.19999694824219
89,5.18200016021729,0.982409417629242,1.0693359375,0.705186307430267,0.204403176903725,0.328867495059967,0.0,67.5
90,5.1810002326965305,0.730573117733002,1.14394497871399,0.582569479942322,0.348079860210419,0.23618887364864302,0.0733454525470734,67.0
91,5.175000190734861,1.06457793712616,1.20789301395416,0.644948184490204,0.325905978679657,0.25376096367836,0.0602777935564518,67.30000305175781
92,5.151000022888179,0.0226431842893362,0.7211513519287109,0.11398913711309401,0.602126955986023,0.291631311178207,0.28241032361984303,56.52
93,5.07399988174438,0.7885475754737851,1.27749133110046,0.6521689891815191,0.571055591106415,0.23496805131435397,0.0876332372426987,67.69999694824219
94,5.07399988174438,0.783756256103516,1.21577048301697,0.0569157302379608,0.394952565431595,0.23094719648361198,0.0261215660721064,49.29999923706055
95,5.04099988937378,0.524713635444641,1.27146327495575,0.5292351245880129,0.47156670689582797,0.24899764358997303,0.14637714624404902,63.79999923706055
96,5.01100015640259,0.885416388511658,1.3401265144348102,0.495879292488098,0.5015376806259161,0.474054545164108,0.17338038980960802,70.91
97,5.0040001869201705,0.5962200760841371,1.39423859119415,0.553457796573639,0.454943388700485,0.42858037352562,0.0394391790032387,63.79999923706055
98,4.961999893188481,0.479820191860199,1.17928326129913,0.504130780696869,0.44030594825744607,0.39409616589546204,0.0729755461215973,62.4000015258789
99,4.95499992370605,1.0272358655929599,1.4930112361908001,0.557783484458923,0.39414396882057207,0.338464230298996,0.0329022891819477,62.099998474121094
100,4.8289999961853,1.05469870567322,1.38478863239288,0.18708007037639604,0.479246735572815,0.13936237990856198,0.0725094974040985,56.099998474121094
101,4.80499982833862,1.00726580619812,0.8683514595031742,0.613212049007416,0.289680689573288,0.0496933571994305,0.0867231488227844,66.59999847412111
102,4.77500009536743,0.716249227523804,1.1556471586227401,0.565666973590851,0.25471106171608,0.114173173904419,0.0892826020717621,62.25
103,4.7350001335144,0.989701807498932,0.997471392154694,0.520187258720398,0.28211015462875394,0.128631442785263,0.114381365478039,61.4000015258789
104,4.71400022506714,1.1614590883255,1.4343794584274299,0.708217680454254,0.28923171758651695,0.113177694380283,0.0110515309497714,66.59999847412111
105,4.70900011062622,0.36842092871666,0.984136044979095,0.005564753897488121,0.318697690963745,0.293040901422501,0.0710951760411263,49.20000076293945
106,4.69500017166138,0.564305365085602,0.946018218994141,0.132892116904259,0.430388748645782,0.23629845678806302,0.0513066314160824,51.9000015258789
107,4.69199991226196,1.15687310695648,0.7115512490272521,0.639333188533783,0.24932260811328896,0.387242913246155,0.048761073499918005,65.69999694824219
108,4.64400005340576,0.996192753314972,0.8036852478981021,0.731159746646881,0.381498634815216,0.20131294429302202,0.0398642159998417,68.40000152587889
109,4.60799980163574,0.586682975292206,0.735131740570068,0.533241033554077,0.478356659412384,0.17225535213947304,0.123717859387398,63.79999923706055
110,4.57399988174438,0.964434325695038,1.0984708070755,0.33861181139946,0.520303547382355,0.0771337449550629,0.0931469723582268,56.20000076293945
111,4.55299997329712,0.560479462146759,1.0679507255554201,0.30998834967613204,0.45276376605033897,0.444860309362411,0.0646413192152977,59.5
112,4.550000190734861,0.23430564999580397,0.870701014995575,0.10665443539619399,0.48079109191894503,0.322228103876114,0.17943638563156103,53.20000076293945
113,4.54500007629395,0.36711055040359497,1.12323594093323,0.397522568702698,0.514492034912109,0.8380751609802249,0.188816204667091,58.70000076293945
114,4.53499984741211,0.479309022426605,1.17969191074371,0.409362852573395,0.37792226672172496,0.183468893170357,0.11546044796705199,59.20000076293945
115,4.513999938964839,0.6364067792892459,1.00318729877472,0.25783589482307395,0.461603492498398,0.249580144882202,0.0782135501503944,54.79999923706055
116,4.49700021743774,1.1027104854583702,0.978613197803497,0.501180469989777,0.288555532693863,0.19963726401329,0.10721575468778599,59.599998474121094
117,4.46500015258789,1.1982102394104,1.1556202173233001,0.35657858848571794,0.31232857704162603,0.0437853783369064,0.0760467872023582,59.20000076293945
118,4.46000003814697,0.339233845472336,0.8646692037582401,0.35340970754623396,0.408842742443085,0.31265074014663696,0.16545571386814098,58.0
119,4.44000005722046,1.00985014438629,1.25997638702393,0.625130832195282,0.561213254928589,0.49086356163024897,0.0736539661884308,67.0
120,4.37599992752075,0.900596737861633,1.00748372077942,0.637524425983429,0.198303267359734,0.0834880918264389,0.0266744215041399,66.59999847412111
121,4.31500005722046,0.7922212481498722,0.754372596740723,0.455427616834641,0.469987004995346,0.23153848946094502,0.0922268852591515,59.70000076293945
122,4.29199981689453,0.6484572887420649,1.2720308303833001,0.285349279642105,0.0960980430245399,0.201870024204254,0.136957004666328,56.70000076293945
123,4.29099988937378,0.8089642524719242,0.8320443630218509,0.28995743393898,0.4350258708000179,0.12085212767124198,0.0796181336045265,57.29999923706055
124,4.28599977493286,0.950612664222717,0.57061493396759,0.649546980857849,0.309410035610199,0.0540088154375553,0.25166663527488703,64.69999694824219
125,4.2800002098083505,0.0921023488044739,1.22902345657349,0.191407024860382,0.235961347818375,0.246455833315849,0.0602413564920425,52.9000015258789
126,4.19000005722046,0.476180493831635,1.2814733982086202,0.16936567425727803,0.306613743305206,0.183354198932648,0.10497024655342098,51.20000076293945
127,4.17999982833862,0.6030489206314089,0.904780030250549,0.0486421696841717,0.4477061927318571,0.201237469911575,0.130061775445938,48.9000015258789
128,4.1680002212524405,0.6017650961875921,1.00623834133148,0.429783403873444,0.633375823497772,0.385922968387604,0.0681059509515762,61.20000076293945
129,4.138999938964839,0.6595166921615601,1.21400856971741,0.290920823812485,0.0149958552792668,0.182317450642586,0.089847519993782,64.71
130,4.11999988555908,0.667224824428558,0.873664736747742,0.29563772678375205,0.423026293516159,0.25692394375801103,0.0253363698720932,56.79999923706055
131,4.09600019454956,0.89465194940567,1.39453756809235,0.575903952121735,0.12297477573156401,0.270061463117599,0.0230294708162546,64.30000305175781
132,4.08099985122681,0.381430715322495,1.12982773780823,0.21763260662555703,0.443185955286026,0.32576605677604703,0.057069718837738,55.29999923706055
133,4.03200006484985,0.35022771358490007,1.04328000545502,0.21584425866603896,0.32436785101890603,0.250864684581757,0.12032810598611803,53.4000015258789
134,4.02799987792969,0.16192533075809498,0.993025004863739,0.26850500702858,0.36365869641304,0.22867384552955602,0.13857294619083402,53.0
135,3.97000002861023,0.233442038297653,0.5125688314437871,0.315089583396912,0.466914653778076,0.28717046976089505,0.0727116540074348,56.9000015258789
136,3.9360001087188703,0.43801298737525896,0.953855872154236,0.0411347150802612,0.16234202682972002,0.21611385047435802,0.0535818822681904,47.70000076293945
137,3.875,0.37584653496742204,1.08309590816498,0.19676375389099102,0.336384207010269,0.189143493771553,0.0953753814101219,55.0
138,3.80800008773804,0.521021246910095,1.19009518623352,0.0,0.390661299228668,0.157497271895409,0.119094640016556,47.29999923706055
139,3.79500007629395,0.8584281802177429,1.1044119596481299,0.0498686656355858,0.0,0.09792649000883098,0.0697203353047371,59.98
140,3.7939999103546103,0.401477217674255,0.581543326377869,0.18074677884578697,0.106179520487785,0.311870932579041,0.0611578300595284,52.79999923706055
141,3.7660000324249303,1.12209415435791,1.2215549945831299,0.34175550937652605,0.505196332931519,0.0993484482169151,0.0985831990838051,58.20000076293945
142,3.65700006484985,0.43108540773391707,0.43529984354972795,0.20993021130561804,0.42596277594566295,0.207948461174965,0.0609290152788162,53.9000015258789
143,3.64400005340576,0.305808693170547,0.9130203723907471,0.375223308801651,0.18919676542282102,0.208732530474663,0.0672319754958153,58.70000076293945
144,3.6029999256133998,0.368610262870789,0.640449821949005,0.277321130037308,0.0303698573261499,0.48920378088951094,0.0998721495270729,55.5
145,3.59299993515015,0.5916834473609921,0.93538224697113,0.310080915689468,0.24946372210979503,0.104125209152699,0.0567674227058887,55.9000015258789
146,3.5910000801086404,0.39724862575531,0.601323127746582,0.163486003875732,0.147062435746193,0.285670816898346,0.116793513298035,51.0
147,3.5329999923706095,0.11904179304838199,0.8721179366111759,0.229918196797371,0.33288118243217496,0.26654988527298,0.0389482490718365,55.29999923706055
148,3.50699996948242,0.24454993009567302,0.7912446856498722,0.194129139184952,0.348587512969971,0.264815092086792,0.110937617719173,53.29999923706055
149,3.4949998855590803,0.30544471740722695,0.4318825304508211,0.247105568647385,0.38042613863945,0.19689615070819896,0.0956650152802467,54.29999923706055
150,3.47099995613098,0.368745893239975,0.945707023143768,0.326424807310104,0.5818438529968261,0.25275602936744695,0.455220013856888,60.5
151,3.46199989318848,0.777153134346008,0.396102607250214,0.5005333423614501,0.0815394446253777,0.49366372823715204,0.15134713053703303,70.97
152,3.34899997711182,0.511135876178741,1.04198980331421,0.364509284496307,0.390017777681351,0.354256361722946,0.0660351067781448,57.0
153,2.90499997138977,0.09162256866693501,0.629793584346771,0.151610791683197,0.0599007532000542,0.20443518459796897,0.0841479450464249,53.4000015258789
154,2.69300007820129,0.0,0.0,0.0187726859003305,0.270842045545578,0.280876487493515,0.0565650761127472,45.20000076293945
155,7.632000000000001,1.305,1.5919999999999999,0.8740000000000001,0.6809999999999999,0.20199999999999999,0.39299999999999996,71.9000015258789
156,7.593999999999999,1.456,1.5819999999999999,0.861,0.6859999999999999,0.28600000000000003,0.34,73.19999694824219
157,7.555,1.351,1.59,0.868,0.6829999999999999,0.284,0.408,72.4000015258789
158,7.495,1.3430000000000002,1.6440000000000001,0.914,0.677,0.353,0.138,73.0
159,7.487,1.42,1.5490000000000002,0.927,0.66,0.256,0.35700000000000004,74.0999984741211
160,7.441,1.361,1.4880000000000002,0.878,0.638,0.33299999999999996,0.295,72.30000305175781
161,7.327999999999999,1.33,1.5319999999999998,0.8959999999999999,0.653,0.321,0.29100000000000004,73.5999984741211
162,7.324,1.268,1.601,0.8759999999999999,0.669,0.365,0.389,73.19999694824219
163,7.314,1.355,1.501,0.9129999999999999,0.659,0.285,0.38299999999999995,72.5999984741211
164,7.272,1.34,1.5730000000000002,0.91,0.647,0.361,0.302,73.5999984741211
165,7.19,1.244,1.433,0.888,0.46399999999999997,0.262,0.08199999999999999,72.30000305175781
166,7.138999999999999,1.341,1.504,0.8909999999999999,0.617,0.242,0.22399999999999998,73.0
167,7.072,1.01,1.459,0.8170000000000001,0.632,0.14300000000000002,0.10099999999999999,71.30000305175781
168,6.977,1.4480000000000002,1.5830000000000002,0.8759999999999999,0.614,0.307,0.306,72.30000305175781
169,6.965,1.34,1.474,0.861,0.586,0.273,0.28,72.19999694824219
170,6.9270000000000005,1.324,1.483,0.894,0.583,0.188,0.24,72.0
171,6.91,1.5759999999999998,1.52,0.8959999999999999,0.632,0.196,0.321,72.5999984741211
172,6.886,1.3980000000000001,1.4709999999999999,0.8190000000000001,0.547,0.29100000000000004,0.133,68.30000305175781
173,6.814,1.301,1.5590000000000002,0.883,0.5329999999999999,0.354,0.272,73.30000305175781
174,6.774,2.096,0.7759999999999999,0.67,0.284,0.18600000000000003,0.11905882696619767,67.09999847412111
175,6.711,1.2329999999999999,1.489,0.8540000000000001,0.5429999999999999,0.064,0.034,70.30000305175781
176,6.627000000000001,1.27,1.525,0.884,0.645,0.376,0.142,72.19999694824219
177,6.489,1.2930000000000001,1.466,0.9079999999999999,0.52,0.098,0.17600000000000002,73.80000305175781
178,6.4879999999999995,1.038,1.252,0.7609999999999999,0.479,0.069,0.095,68.30000305175781
179,6.476,1.131,1.331,0.8079999999999999,0.431,0.19699999999999998,0.061,69.90000152587889
180,6.441,1.365,1.436,0.857,0.418,0.151,0.078,69.59999847412111
181,6.43,1.112,1.4380000000000002,0.759,0.597,0.125,0.063,69.59999847412111
182,6.419,0.986,1.474,0.675,0.493,0.11,0.08800000000000001,66.40000152587889
183,6.388,1.073,1.4680000000000002,0.7440000000000001,0.57,0.062,0.054000000000000006,68.80000305175781
184,6.382000000000001,0.7809999999999999,1.268,0.608,0.604,0.179,0.071,64.80000305175781
185,6.379,1.093,1.459,0.7709999999999999,0.625,0.13,0.155,69.0
186,6.374,1.649,1.3030000000000002,0.748,0.654,0.256,0.171,80.02
187,6.371,1.379,1.331,0.633,0.509,0.098,0.127,66.30000305175781
188,6.343,1.5290000000000001,1.4509999999999998,1.008,0.631,0.261,0.457,76.80000305175781
189,6.322,1.161,1.258,0.669,0.35600000000000004,0.311,0.059000000000000004,67.0
190,6.31,1.251,1.538,0.965,0.449,0.142,0.07400000000000001,74.4000015258789
191,6.26,0.96,1.439,0.635,0.531,0.099,0.039,67.69999694824219
192,6.192,1.2229999999999999,1.492,0.564,0.575,0.171,0.019,63.5
193,6.172999999999999,1.21,1.537,0.7759999999999999,0.354,0.11800000000000001,0.013999999999999999,68.90000152587889
194,6.167000000000001,0.8059999999999999,1.2309999999999999,0.639,0.461,0.065,0.08199999999999999,66.09999847412111
195,6.141,0.6679999999999999,1.319,0.7,0.527,0.20800000000000002,0.128,67.5
196,6.122999999999999,1.176,1.4480000000000002,0.7809999999999999,0.546,0.10800000000000001,0.064,69.30000305175781
197,6.105,1.338,1.3659999999999999,0.698,0.594,0.243,0.12300000000000001,68.5
198,6.096,0.7190000000000001,1.584,0.605,0.7240000000000001,0.32799999999999996,0.259,65.09999847412111
199,6.082999999999999,1.474,1.301,0.675,0.5539999999999999,0.16699999999999998,0.106,66.72254943847656
200,6.072,1.016,1.4169999999999998,0.7070000000000001,0.637,0.364,0.028999999999999998,67.19999694824219
201,6.0,1.264,1.501,0.946,0.281,0.13699999999999998,0.027999999999999997,73.5999984741211
202,5.973,0.889,1.33,0.736,0.556,0.114,0.12,68.5
203,5.956,0.807,1.101,0.474,0.593,0.183,0.08900000000000001,74.37
204,5.952000000000001,1.197,1.527,0.716,0.35,0.026000000000000002,0.006,67.30000305175781
205,5.9479999999999995,1.219,1.506,0.856,0.633,0.16,0.051,71.0999984741211
206,5.945,1.1159999999999999,1.219,0.726,0.528,0.08800000000000001,0.001,67.19999694824219
207,5.933,1.148,1.454,0.6709999999999999,0.363,0.092,0.066,66.80000305175781
208,5.915,1.294,1.462,0.988,0.5529999999999999,0.079,0.15,75.0
209,5.891,1.09,1.3869999999999998,0.684,0.584,0.245,0.05,66.40000152587889
210,5.89,0.8190000000000001,1.493,0.693,0.575,0.096,0.031,67.09999847412111
211,5.875,1.266,1.204,0.955,0.244,0.175,0.051,73.5999984741211
212,5.835,1.229,1.2109999999999999,0.909,0.495,0.179,0.154,73.70222473144531
213,5.81,1.151,1.479,0.599,0.39899999999999997,0.065,0.025,64.30000305175781
214,5.79,1.143,1.516,0.631,0.45399999999999996,0.14800000000000002,0.121,64.59999847412111
215,5.7620000000000005,1.229,1.1909999999999998,0.909,0.423,0.20199999999999999,0.035,73.69999694824219
216,5.752000000000001,0.7509999999999999,1.2229999999999999,0.508,0.606,0.141,0.054000000000000006,63.599998474121094
217,5.739,1.2,1.5319999999999998,0.737,0.5529999999999999,0.086,0.174,68.59999847412111
218,5.681,0.835,1.5219999999999998,0.615,0.541,0.162,0.07400000000000001,65.6799799601237
219,5.662999999999999,0.934,1.249,0.674,0.53,0.092,0.034,68.09999847412111
220,5.662000000000001,0.855,1.23,0.578,0.44799999999999995,0.27399999999999997,0.023,63.88555526733398
221,5.64,0.657,1.301,0.62,0.23199999999999998,0.171,0.0,65.0
222,5.636,1.016,1.5330000000000001,0.517,0.41700000000000004,0.19899999999999998,0.037000000000000005,62.20000076293945
223,5.62,1.171,1.401,0.732,0.259,0.061,0.022000000000000002,67.59999847412111
224,5.566,0.985,1.35,0.5529999999999999,0.496,0.11599999999999999,0.14800000000000002,62.29999923706055
225,5.524,0.775,1.3119999999999998,0.513,0.643,0.12,0.105,61.9000015258789
226,5.504,0.62,1.205,0.622,0.45899999999999996,0.19699999999999998,0.07400000000000001,67.19999694824219
227,5.483,1.0390000000000001,1.4980000000000002,0.7,0.307,0.10099999999999999,0.154,66.09999847412111
228,5.483,1.148,1.38,0.6859999999999999,0.324,0.106,0.109,66.80000305175781
229,5.472,0.652,0.81,0.424,0.33399999999999996,0.21600000000000003,0.113,58.5
230,5.43,1.405,1.29,1.03,0.524,0.24600000000000002,0.29100000000000004,76.7717056274414
231,5.41,1.188,1.429,0.884,0.562,0.055,0.017,72.4000015258789
232,5.398,0.975,1.369,0.685,0.28800000000000003,0.134,0.043,68.19999694824219
233,5.358,1.1540000000000001,1.202,0.879,0.131,0.0,0.044000000000000004,72.4000015258789
234,5.358,0.965,1.179,0.785,0.503,0.214,0.136,67.09999847412111
235,5.347,1.0170000000000001,1.2790000000000001,0.7290000000000001,0.259,0.111,0.081,68.5
236,5.321000000000001,1.115,1.161,0.737,0.38,0.12,0.039,70.19999694824219
237,5.3020000000000005,0.982,1.4409999999999998,0.614,0.578,0.12,0.106,65.80000305175781
238,5.295,0.9790000000000001,1.1540000000000001,0.687,0.077,0.055,0.135,65.90000152587889
239,5.254,0.779,0.797,0.669,0.46,0.026000000000000002,0.07400000000000001,65.90000152587889
240,5.246,0.9890000000000001,1.1420000000000001,0.799,0.597,0.028999999999999998,0.10300000000000001,69.30000305175781
241,5.2010000000000005,1.024,1.161,0.603,0.43,0.031,0.17600000000000002,65.5
242,5.199,0.474,1.166,0.598,0.292,0.187,0.034,64.09999847412111
243,5.185,0.9590000000000001,1.239,0.691,0.39399999999999996,0.17300000000000001,0.052000000000000005,67.5
244,5.1610000000000005,0.8220000000000001,1.265,0.645,0.46799999999999997,0.13,0.134,66.80000305175781
245,5.155,0.6890000000000001,1.172,0.048,0.462,0.201,0.032,49.70000076293945
246,5.131,0.53,1.416,0.594,0.54,0.281,0.035,64.09999847412111
247,5.129,0.915,1.078,0.758,0.28,0.21600000000000003,0.0,67.80000305175781
248,5.125,0.914,1.517,0.575,0.395,0.253,0.032,62.29999923706055
249,5.103,0.715,1.365,0.7020000000000001,0.618,0.177,0.079,67.90000152587889
250,5.093,0.899,1.215,0.522,0.5379999999999999,0.484,0.018000000000000002,62.099998474121094
251,5.082,0.7959999999999999,1.335,0.527,0.541,0.364,0.171,71.28
252,4.982,0.0,0.7120000000000001,0.115,0.674,0.23800000000000002,0.282,56.94
253,4.975,0.535,0.8909999999999999,0.182,0.45399999999999996,0.183,0.043,52.70000076293945
254,4.933,1.054,1.515,0.7120000000000001,0.359,0.064,0.009000000000000001,66.80000305175781
255,4.88,0.425,1.228,0.539,0.526,0.302,0.078,63.5
256,4.806,0.996,1.469,0.657,0.133,0.055999999999999994,0.052000000000000005,66.5
257,4.758,1.036,1.1640000000000001,0.40399999999999997,0.35600000000000004,0.032,0.052000000000000005,59.70000076293945
258,4.743,0.642,1.217,0.602,0.266,0.086,0.076,62.25
259,4.724,0.94,1.41,0.33,0.516,0.10300000000000001,0.055999999999999994,56.5
260,4.707,1.0590000000000002,0.7709999999999999,0.691,0.45899999999999996,0.282,0.129,66.0
261,4.671,0.541,0.872,0.08,0.467,0.146,0.10300000000000001,49.5
262,4.657,0.5920000000000001,0.8959999999999999,0.337,0.499,0.212,0.028999999999999998,57.20000076293945
263,4.631,0.429,1.117,0.433,0.406,0.138,0.08199999999999999,59.599998474121094
264,4.623,0.72,1.034,0.441,0.626,0.23,0.174,58.70000076293945
265,4.592,0.9,0.9059999999999999,0.69,0.271,0.04,0.063,66.90000152587889
266,4.586,0.9159999999999999,0.8170000000000001,0.79,0.419,0.149,0.032,68.69999694824219
267,4.571000000000001,0.256,0.813,0.0,0.355,0.23800000000000002,0.053,50.79999923706055
268,4.559,0.682,0.8109999999999999,0.34299999999999997,0.514,0.091,0.077,57.9000015258789
269,4.5,0.532,0.85,0.579,0.58,0.153,0.14400000000000002,64.30000305175781
270,4.471,0.9179999999999999,1.314,0.672,0.585,0.307,0.05,67.19999694824219
271,4.456,1.01,0.971,0.536,0.304,0.14800000000000002,0.095,60.20000076293945
272,4.447,0.37,1.2329999999999999,0.152,0.36700000000000005,0.139,0.055999999999999994,51.70000076293945
273,4.441,0.8740000000000001,1.281,0.365,0.519,0.051,0.064,56.5
274,4.433,0.5489999999999999,1.088,0.457,0.696,0.256,0.065,61.599998474121094
275,4.4239999999999995,0.314,1.097,0.254,0.312,0.175,0.128,53.9000015258789
276,4.419,0.885,1.025,0.5529999999999999,0.312,0.092,0.107,61.70000076293945
277,4.417,0.198,0.902,0.17300000000000001,0.531,0.20600000000000002,0.158,54.20000076293945
278,4.41,0.493,1.048,0.45399999999999996,0.504,0.35200000000000004,0.055,60.099998474121094
279,4.377,0.562,1.047,0.295,0.503,0.221,0.08199999999999999,55.29999923706055
280,4.356,0.557,1.245,0.292,0.129,0.134,0.09300000000000001,57.0
281,4.35,0.308,0.95,0.391,0.452,0.22,0.146,58.5
282,4.34,0.853,0.5920000000000001,0.643,0.375,0.038,0.215,64.5
283,4.321000000000001,0.816,0.99,0.6659999999999999,0.26,0.077,0.027999999999999997,66.90000152587889
284,4.308,0.682,1.1740000000000002,0.429,0.58,0.598,0.17800000000000002,59.0
285,4.301,0.358,0.907,0.053,0.18899999999999997,0.18100000000000002,0.06,48.20000076293945
286,4.245,0.069,1.136,0.204,0.312,0.19699999999999998,0.052000000000000005,52.9000015258789
287,4.19,0.721,0.747,0.485,0.539,0.172,0.09300000000000001,60.099998474121094
288,4.166,0.131,0.867,0.221,0.39,0.175,0.099,53.5
289,4.1610000000000005,0.322,1.09,0.237,0.45,0.259,0.061,55.70000076293945
290,4.141,0.37799999999999995,0.37200000000000005,0.24,0.44,0.163,0.067,54.29999923706055
291,4.138999999999999,0.605,1.24,0.312,0.016,0.134,0.08199999999999999,64.95
292,4.103,0.7929999999999999,1.413,0.609,0.163,0.187,0.011000000000000001,64.59999847412111
293,3.9989999999999997,0.259,0.474,0.253,0.434,0.158,0.10099999999999999,54.70000076293945
294,3.964,0.344,0.792,0.21100000000000002,0.39399999999999996,0.185,0.094,54.4000015258789
295,3.8080000000000003,0.47200000000000003,1.215,0.079,0.423,0.11599999999999999,0.11199999999999999,48.00120798746745
296,3.795,0.73,1.125,0.26899999999999996,0.0,0.079,0.061,60.54
297,3.7739999999999996,0.262,0.9079999999999999,0.402,0.221,0.155,0.049,59.099998474121094
298,3.6919999999999997,0.35700000000000004,1.094,0.248,0.406,0.132,0.099,55.599998474121094
299,3.6319999999999997,0.332,0.537,0.255,0.085,0.191,0.036000000000000004,52.599998474121094
300,3.59,1.0170000000000001,1.1740000000000002,0.41700000000000004,0.557,0.042,0.092,58.9000015258789
301,3.5869999999999997,0.18600000000000003,0.541,0.306,0.531,0.21,0.08,57.599998474121094
302,3.582,0.315,0.7140000000000001,0.289,0.025,0.392,0.10400000000000001,55.70000076293945
303,3.495,0.076,0.858,0.267,0.419,0.20600000000000002,0.03,56.099998474121094
304,3.4619999999999997,0.6890000000000001,0.382,0.539,0.08800000000000001,0.376,0.14400000000000002,71.78
305,3.408,0.332,0.8959999999999999,0.4,0.636,0.2,0.444,61.099998474121094
306,3.355,0.442,1.073,0.34299999999999997,0.244,0.083,0.064,56.70000076293945
307,3.303,0.455,0.991,0.381,0.48100000000000004,0.27,0.09699999999999999,57.5
308,3.2539999999999996,0.337,0.608,0.177,0.11199999999999999,0.22399999999999998,0.106,51.0
309,3.083,0.024,0.0,0.01,0.305,0.218,0.038,45.20000076293945
310,2.905,0.091,0.627,0.145,0.065,0.149,0.076,53.4000015258789
311,7.769,1.34,1.587,0.986,0.596,0.153,0.39299999999999996,72.0
312,7.6,1.383,1.5730000000000002,0.996,0.5920000000000001,0.252,0.41,72.69999694824219
313,7.553999999999999,1.4880000000000002,1.5819999999999999,1.028,0.603,0.271,0.341,73.30000305175781
314,7.494,1.38,1.624,1.026,0.591,0.354,0.11800000000000001,73.0
315,7.4879999999999995,1.396,1.5219999999999998,0.9990000000000001,0.557,0.322,0.298,72.4000015258789
316,7.48,1.452,1.526,1.052,0.5720000000000001,0.263,0.34299999999999997,74.4000015258789
317,7.343,1.3869999999999998,1.4869999999999999,1.0090000000000001,0.574,0.267,0.373,72.69999694824219
318,7.307,1.3030000000000002,1.557,1.026,0.585,0.33,0.38,73.4000015258789
319,7.278,1.365,1.505,1.0390000000000001,0.584,0.285,0.308,73.80000305175781
320,7.246,1.376,1.475,1.016,0.532,0.244,0.226,73.30000305175781
321,7.228,1.3719999999999999,1.548,1.036,0.557,0.332,0.29,73.9000015258789
322,7.167000000000001,1.034,1.4409999999999998,0.963,0.5579999999999999,0.14400000000000002,0.09300000000000001,71.5
323,7.138999999999999,1.276,1.455,1.0290000000000001,0.371,0.261,0.08199999999999999,73.20008595784505
324,7.09,1.609,1.479,1.012,0.526,0.19399999999999998,0.316,72.5999984741211
325,7.053999999999999,1.3330000000000002,1.538,0.996,0.45,0.348,0.278,72.5
326,7.021,1.499,1.5530000000000002,0.9990000000000001,0.516,0.298,0.31,72.4000015258789
327,6.985,1.3730000000000002,1.454,0.987,0.495,0.261,0.265,72.5
328,6.922999999999999,1.3559999999999999,1.504,0.986,0.473,0.16,0.21,72.19999694824219
329,6.892,1.433,1.4569999999999999,0.8740000000000001,0.45399999999999996,0.28,0.128,68.19999694824219
330,6.852,1.2690000000000001,1.4869999999999999,0.92,0.457,0.046,0.036000000000000004,70.04931386311847
331,6.825,1.5030000000000001,1.31,0.825,0.598,0.262,0.182,67.30000305175781
332,6.726,1.3,1.52,0.9990000000000001,0.564,0.375,0.151,72.19999694824219
333,6.595,1.07,1.3230000000000002,0.861,0.433,0.07400000000000001,0.073,68.59999847412111
334,6.5920000000000005,1.324,1.472,1.045,0.436,0.111,0.183,74.0
335,6.446000000000001,1.368,1.43,0.914,0.35100000000000003,0.242,0.09699999999999999,69.59999847412111
336,6.444,1.159,1.369,0.92,0.35700000000000004,0.187,0.055999999999999994,70.0
337,6.436,0.8,1.2690000000000001,0.746,0.535,0.175,0.078,65.09999847412111
338,6.375,1.403,1.357,0.795,0.439,0.08,0.132,66.59999847412111
339,6.374,1.6840000000000002,1.3130000000000002,0.871,0.555,0.22,0.16699999999999998,80.16
340,6.354,1.286,1.484,1.062,0.36200000000000004,0.153,0.079,74.69999694824219
341,6.321000000000001,1.149,1.442,0.91,0.516,0.109,0.054000000000000006,69.69999694824219
342,6.3,1.004,1.439,0.802,0.39,0.099,0.086,66.59999847412111
343,6.292999999999999,1.124,1.465,0.8909999999999999,0.523,0.127,0.15,69.09999847412111
344,6.2620000000000005,1.5719999999999998,1.463,1.141,0.556,0.271,0.45299999999999996,77.0999984741211
345,6.252999999999999,0.794,1.242,0.789,0.43,0.09300000000000001,0.07400000000000001,66.40000152587889
346,6.223,1.294,1.4880000000000002,1.0390000000000001,0.231,0.158,0.03,73.80000305175781
347,6.199,1.3619999999999999,1.368,0.871,0.536,0.255,0.11,68.5
348,6.1979999999999995,1.246,1.504,0.8809999999999999,0.33399999999999996,0.121,0.013999999999999999,69.19999694824219
349,6.192,1.2309999999999999,1.4769999999999999,0.713,0.489,0.185,0.016,63.5
350,6.182,1.206,1.4380000000000002,0.884,0.483,0.11699999999999999,0.05,69.69999694824219
351,6.1739999999999995,0.745,1.5290000000000001,0.7559999999999999,0.631,0.322,0.24,65.40000152587889
352,6.149,1.238,1.515,0.818,0.29100000000000004,0.043,0.042,67.90000152587889
353,6.125,0.985,1.41,0.841,0.47,0.099,0.034,68.0
354,6.117999999999999,1.258,1.5230000000000001,0.953,0.564,0.14400000000000002,0.057,71.4000015258789
355,6.105,0.6940000000000001,1.325,0.835,0.435,0.2,0.127,67.80000305175781
356,6.1,0.882,1.232,0.758,0.489,0.262,0.006,63.88555526733398
357,6.086,1.092,1.432,0.8809999999999999,0.47100000000000003,0.066,0.05,69.0
358,6.07,1.162,1.232,0.825,0.462,0.083,0.005,67.5
359,6.046,1.263,1.2229999999999999,1.042,0.406,0.19,0.040999999999999995,73.9000015258789
360,6.028,0.912,1.3119999999999998,0.868,0.498,0.126,0.087,68.80000305175781
361,6.021,1.5,1.319,0.8079999999999999,0.493,0.142,0.09699999999999999,66.90000152587889
362,6.007999999999999,1.05,1.409,0.828,0.557,0.359,0.027999999999999997,67.40000152587889
363,5.94,1.187,1.465,0.812,0.264,0.075,0.064,67.09999847412111
364,5.895,1.301,1.219,1.036,0.159,0.175,0.055999999999999994,73.9000015258789
365,5.893,1.237,1.528,0.8740000000000001,0.495,0.10300000000000001,0.161,68.80000305175781
366,5.89,0.831,1.4780000000000002,0.831,0.49,0.107,0.027999999999999997,67.09999847412111
367,5.888,1.12,1.402,0.7979999999999999,0.498,0.215,0.06,66.69999694824219
368,5.886,1.327,1.419,1.088,0.445,0.069,0.14,75.0999984741211
369,5.86,0.642,1.236,0.828,0.507,0.24600000000000002,0.078,67.40000152587889
370,5.809,1.173,1.508,0.7290000000000001,0.41,0.146,0.096,65.19999694824219
371,5.779,0.7759999999999999,1.209,0.706,0.511,0.13699999999999998,0.064,63.9000015258789
372,5.757999999999999,1.2009999999999998,1.41,0.828,0.19899999999999998,0.081,0.02,68.0
373,5.742999999999999,0.855,1.475,0.777,0.514,0.184,0.08,65.90000152587889
374,5.718,1.263,1.252,1.042,0.41700000000000004,0.191,0.162,73.70222473144531
375,5.697,0.96,1.274,0.8540000000000001,0.455,0.083,0.027000000000000003,68.40000152587889
376,5.693,1.2209999999999999,1.431,0.9990000000000001,0.508,0.047,0.025,72.5999984741211
377,5.653,0.677,0.8859999999999999,0.535,0.313,0.22,0.098,58.28437805175781
378,5.648,1.183,1.452,0.726,0.33399999999999996,0.08199999999999999,0.031,64.10015360514322
379,5.631,0.807,1.2930000000000001,0.657,0.5579999999999999,0.11699999999999999,0.107,62.0
380,5.603,1.004,1.383,0.8540000000000001,0.282,0.13699999999999998,0.039,68.59999847412111
381,5.529,0.685,1.328,0.7390000000000001,0.245,0.18100000000000002,0.0,65.69999694824219
382,5.525,1.044,1.3030000000000002,0.6729999999999999,0.41600000000000004,0.133,0.152,62.29999923706055
383,5.523,1.051,1.361,0.871,0.19699999999999998,0.142,0.08,68.69999694824219
384,5.4670000000000005,0.493,1.0979999999999999,0.718,0.389,0.23,0.14400000000000002,64.40000152587889
385,5.432,1.155,1.266,0.914,0.29600000000000004,0.11900000000000001,0.022000000000000002,70.80000305175781
386,5.43,1.4380000000000002,1.2770000000000001,1.122,0.44,0.258,0.287,76.7717056274414
387,5.425,1.015,1.401,0.779,0.49700000000000005,0.113,0.10099999999999999,66.09999847412111
388,5.386,0.945,1.212,0.845,0.212,0.263,0.006,68.09999847412111
389,5.372999999999999,1.183,1.36,0.8079999999999999,0.195,0.083,0.106,67.19999694824219
390,5.3389999999999995,1.2209999999999999,1.171,0.828,0.508,0.26,0.024,67.19999694824219
391,5.3229999999999995,1.067,1.465,0.789,0.235,0.094,0.142,66.40000152587889
392,5.287000000000001,1.181,1.156,0.9990000000000001,0.067,0.0,0.034,72.5999984741211
393,5.285,0.948,1.531,0.667,0.317,0.235,0.038,62.5
394,5.274,0.983,1.294,0.838,0.345,0.185,0.034,67.69999694824219
395,5.265,0.696,1.111,0.245,0.426,0.215,0.040999999999999995,50.099998474121094
396,5.261,0.551,1.4380000000000002,0.723,0.508,0.3,0.023,64.40000152587889
397,5.247000000000001,1.052,1.538,0.657,0.39399999999999996,0.244,0.027999999999999997,62.599998474121094
398,5.211,1.002,1.16,0.785,0.086,0.073,0.114,66.09999847412111
399,5.207999999999999,0.8009999999999999,0.782,0.782,0.418,0.036000000000000004,0.076,66.19999694824219
400,5.207999999999999,1.043,1.147,0.769,0.35100000000000003,0.035,0.182,65.80000305175781
401,5.197,0.987,1.224,0.815,0.21600000000000003,0.166,0.027000000000000003,67.59999847412111
402,5.192,0.9309999999999999,1.203,0.66,0.491,0.498,0.027999999999999997,62.29999923706055
403,5.191,1.0290000000000001,1.125,0.893,0.521,0.057999999999999996,0.1,69.59999847412111
404,5.175,0.741,1.3459999999999999,0.851,0.5429999999999999,0.147,0.073,68.09999847412111
405,5.082,0.813,1.321,0.604,0.457,0.37,0.16699999999999998,71.58
406,5.044,0.5489999999999999,0.91,0.331,0.381,0.187,0.037000000000000005,53.5
407,5.011,1.092,1.5130000000000001,0.815,0.311,0.081,0.004,67.0
408,4.996,0.611,0.868,0.486,0.381,0.245,0.04,57.599998474121094
409,4.944,0.569,0.8079999999999999,0.23199999999999998,0.35200000000000004,0.154,0.09,50.099998474121094
410,4.913,0.446,1.226,0.677,0.439,0.285,0.08900000000000001,64.59999847412111
411,4.906000000000001,0.8370000000000001,1.225,0.815,0.38299999999999995,0.11,0.13,67.0
412,4.883,0.39299999999999996,0.43700000000000006,0.397,0.349,0.175,0.08199999999999999,54.70000076293945
413,4.812,0.6729999999999999,0.799,0.508,0.37200000000000005,0.105,0.09300000000000001,58.5
414,4.7989999999999995,1.057,1.183,0.5710000000000001,0.295,0.043,0.055,60.20000076293945
415,4.796,0.764,1.03,0.551,0.547,0.266,0.16399999999999998,59.099998474121094
416,4.7219999999999995,0.96,1.351,0.469,0.389,0.13,0.055,56.9000015258789
417,4.718999999999999,0.9470000000000001,0.848,0.8740000000000001,0.38299999999999995,0.17800000000000002,0.027000000000000003,69.0
418,4.707,0.96,1.4269999999999998,0.805,0.154,0.064,0.047,66.69999694824219
419,4.7,0.574,1.122,0.637,0.609,0.23199999999999998,0.062,62.0
420,4.696000000000001,0.657,1.247,0.672,0.225,0.10300000000000001,0.066,62.25
421,4.681,0.45,1.1340000000000001,0.5710000000000001,0.292,0.153,0.07200000000000001,60.0
422,4.668,0.0,0.698,0.268,0.5589999999999999,0.243,0.27,57.22
423,4.638999999999999,0.879,1.3130000000000002,0.47700000000000004,0.401,0.07,0.055999999999999994,56.79999923706055
424,4.628,0.138,0.774,0.366,0.318,0.188,0.102,54.0
425,4.587,0.331,1.056,0.38,0.255,0.177,0.113,54.4000015258789
426,4.559,0.85,1.055,0.815,0.28300000000000003,0.095,0.064,66.75021870930989
427,4.548,1.1,0.8420000000000001,0.785,0.305,0.27,0.125,66.30000305175781
428,4.534,0.38,0.8290000000000001,0.375,0.332,0.207,0.086,55.5
429,4.519,0.8859999999999999,0.6659999999999999,0.752,0.34600000000000003,0.043,0.16399999999999998,64.30000305175781
430,4.516,0.308,0.9390000000000001,0.428,0.382,0.26899999999999996,0.16699999999999998,55.29999923706055
431,4.5089999999999995,0.512,0.983,0.581,0.431,0.37200000000000005,0.053,60.70000076293945
432,4.49,0.57,1.167,0.489,0.066,0.106,0.08800000000000001,57.29999923706055
433,4.466,0.204,0.986,0.39,0.494,0.19699999999999998,0.138,55.20000076293945
434,4.461,0.9209999999999999,1.0,0.815,0.16699999999999998,0.059000000000000004,0.055,67.19999694824219
435,4.456,0.562,0.9279999999999999,0.723,0.527,0.166,0.14300000000000002,64.80000305175781
436,4.437,1.043,0.98,0.574,0.24100000000000002,0.14800000000000002,0.08900000000000001,59.901182810465485
437,4.418,0.094,1.125,0.35700000000000004,0.26899999999999996,0.212,0.053,52.9000015258789
438,4.39,0.385,1.105,0.308,0.327,0.153,0.052000000000000005,52.20000076293945
439,4.374,0.268,0.841,0.242,0.309,0.252,0.045,52.4000015258789
440,4.3660000000000005,0.9490000000000001,1.265,0.831,0.47,0.244,0.047,67.40000152587889
441,4.36,0.71,1.181,0.555,0.525,0.5660000000000001,0.172,59.29999923706055
442,4.35,0.35,0.7659999999999999,0.192,0.174,0.198,0.078,48.70000076293945
443,4.332,0.82,1.39,0.7390000000000001,0.17800000000000002,0.187,0.01,64.90000152587889
444,4.2860000000000005,0.336,1.033,0.532,0.344,0.209,0.1,59.0
445,4.212,0.8109999999999999,1.149,0.0,0.313,0.07400000000000001,0.135,51.73661804199219
446,4.189,0.332,1.069,0.44299999999999995,0.35600000000000004,0.252,0.06,56.099998474121094
447,4.166,0.9129999999999999,1.0390000000000001,0.644,0.24100000000000002,0.076,0.067,62.0
448,4.107,0.578,1.058,0.426,0.431,0.247,0.087,55.79999923706055
449,4.085,0.275,0.5720000000000001,0.41,0.293,0.177,0.085,55.099998474121094
450,4.015,0.755,0.765,0.588,0.498,0.2,0.085,60.5
451,3.975,0.073,0.922,0.44299999999999995,0.37,0.233,0.033,56.9000015258789
452,3.9730000000000003,0.27399999999999997,0.757,0.505,0.142,0.275,0.078,57.5
453,3.9330000000000003,0.27399999999999997,0.9159999999999999,0.555,0.14800000000000002,0.16899999999999998,0.040999999999999995,59.5
454,3.802,0.489,1.169,0.168,0.359,0.107,0.09300000000000001,48.70000076293945
455,3.775,0.046,0.447,0.38,0.22,0.17600000000000002,0.18,53.4000015258789
456,3.6630000000000003,0.366,1.114,0.433,0.361,0.151,0.08900000000000001,56.20000076293945
457,3.597,0.32299999999999995,0.688,0.449,0.026000000000000002,0.419,0.11,55.59954198201498
458,3.488,1.041,1.145,0.5379999999999999,0.455,0.025,0.1,59.599998474121094
459,3.4619999999999997,0.619,0.37799999999999995,0.44,0.013000000000000001,0.331,0.141,72.7
460,3.41,0.191,0.56,0.495,0.44299999999999995,0.218,0.08900000000000001,58.29999923706055
461,3.38,0.287,1.163,0.46299999999999997,0.14300000000000002,0.10800000000000001,0.077,57.5
462,3.3339999999999996,0.359,0.711,0.614,0.555,0.217,0.41100000000000003,61.70000076293945
463,3.2310000000000003,0.47600000000000003,0.885,0.499,0.41700000000000004,0.276,0.147,58.0
464,3.2030000000000003,0.35,0.517,0.361,0.0,0.158,0.025,52.4000015258789
465,3.083,0.026000000000000002,0.0,0.105,0.225,0.235,0.035,45.20000076293945
466,2.853,0.306,0.575,0.295,0.01,0.20199999999999999,0.091,51.0
467,7.808700084686279,1.2851895093917847,1.4995259046554565,0.9612714052200317,0.6623167395591736,0.15967044234275818,0.4778572618961334,71.90082550048828
468,7.645599842071533,1.3269485235214233,1.5034492015838623,0.9793325662612915,0.6650398969650269,0.24279339611530304,0.4952603280544281,72.40250396728516
469,7.559899806976318,1.3907742500305176,1.4724034070968628,1.040533185005188,0.6289544701576233,0.2690557539463043,0.4079459011554718,74.10244750976562
470,7.504499912261963,1.3265016078948975,1.5475674867630005,1.0008434057235718,0.6619807481765747,0.36233022809028625,0.14454077184200287,73.0
471,7.48799991607666,1.424207329750061,1.4951725006103516,1.0080718994140625,0.6702008843421936,0.28798508644104004,0.43410056829452515,73.2007827758789
472,7.44890022277832,1.3389463424682617,1.4636459350585938,0.9756753444671631,0.6136264801025391,0.3363175690174103,0.3685697615146637,72.30091857910156
473,7.353499889373779,1.3222352266311646,1.4333477020263672,0.9864704608917236,0.6502977013587952,0.2728278934955597,0.44206637144088745,72.60076904296875
474,7.299600124359131,1.2423179149627686,1.4872183799743652,1.0081382989883423,0.6467899084091187,0.3257262110710144,0.46126827597618103,73.20262908935547
475,7.2941999435424805,1.3172855377197266,1.4374449253082275,1.0009335279464722,0.603368878364563,0.25550976395606995,0.28125613927841187,73.00250244140625
476,7.237500190734863,1.536676049232483,1.387528419494629,0.9864426851272583,0.6101370453834534,0.19595392048358917,0.3670414686203003,72.5999984741211
477,7.232100009918213,1.301647663116455,1.435391902923584,1.0225019454956055,0.6440281271934509,0.28152891993522644,0.35170185565948486,73.60160064697266
478,7.222799777984619,1.310396432876587,1.4771462678909302,1.022607684135437,0.6218771934509277,0.32497361302375793,0.3359964191913605,73.60453796386719
479,7.1645002365112305,1.2730610370635986,1.4578449726104736,0.9757000803947449,0.5251686573028564,0.3734334409236908,0.32260164618492126,72.30160522460938
480,7.128600120544434,1.2164636850357056,1.4032567739486694,1.008052945137024,0.42069947719573975,0.26686179637908936,0.09989845007658005,73.20025634765625
481,7.121399879455566,0.9811077117919922,1.3748536109924316,0.9396353363990784,0.6450177431106567,0.13126631081104279,0.09636209160089493,71.29985046386719
482,7.093699932098389,1.4468867778778076,1.470596432685852,0.9756706953048706,0.5877799391746521,0.29542699456214905,0.37343326210975647,72.30078887939453
483,7.075799942016602,1.314184546470642,1.3685437440872192,0.9721148014068604,0.5642741322517395,0.2520377039909363,0.3093622922897339,72.20201873779297
484,6.939599990844727,1.373986840248108,1.4047867059707642,0.8316180109977722,0.5346082448959351,0.29814305901527405,0.15228474140167236,68.29949951171875
485,6.910900115966797,1.2123223543167114,1.4052866697311401,0.8945644497871399,0.5057445764541626,0.0463259294629097,0.049803223460912704,70.04793548583984
486,6.863500118255615,1.2958427667617798,1.3986775875091553,0.9649011492729187,0.49980542063713074,0.14696615934371948,0.20872405171394348,72.00164794921875
487,6.790800094604492,1.4310864210128784,1.2511709928512573,0.7878144383430481,0.6529361009597778,0.28065598011016846,0.22021351754665375,67.0827865600586
488,6.772799968719482,1.2525132894515991,1.4429569244384766,0.9720420241355896,0.6332390308380127,0.34118083119392395,0.17886407673358917,72.19999694824219
489,6.66379976272583,1.2681293487548828,1.4588391780853271,1.0297142267227173,0.5140509009361267,0.11260770261287689,0.22730323672294617,73.80193328857422
490,6.465000152587891,1.0243874788284302,1.226333498954773,0.8316010236740112,0.5538925528526306,0.08309448510408401,0.08313366770744324,68.29902648925781
491,6.455399990081787,1.3274705410003662,1.3577606678009033,0.8784379959106445,0.44940438866615295,0.1505987048149109,0.13151635229587555,69.5999984741211
492,6.440100193023682,1.0710004568099976,1.4250811338424683,0.8569288849830627,0.5942670702934265,0.13214369118213654,0.19342507421970367,69.00254821777344
493,6.406499862670898,1.334328532218933,1.3099501132965088,0.7598181366920471,0.5484774708747864,0.08744068443775177,0.163322314620018,66.30514526367188
494,6.400899887084961,1.2305352687835693,1.4210991859436035,1.0513430833816528,0.42598381638526917,0.1653054803609848,0.10957977920770645,74.4027099609375
495,6.398900032043457,0.7538157105445862,1.174267053604126,0.7059525847434998,0.6131467223167419,0.1706116646528244,0.09836030006408691,64.80894470214844
496,6.387400150299072,1.236396074295044,1.3472959995269775,1.0225049257278442,0.3213055729866028,0.17026621103286743,0.040145598351955414,73.6016845703125
497,6.377099990844727,1.5195801258087158,1.3954569101333618,1.1378142833709717,0.6353172063827515,0.21877090632915497,0.5331622362136841,76.80458068847656
498,6.3755998611450195,0.9526798725128174,1.363464117050171,0.7661190629005432,0.48329272866249084,0.13167458772659302,0.10651860386133194,66.48016357421875
499,6.363399982452393,1.2086524963378906,1.4646776914596558,0.9325480461120605,0.6467001438140869,0.14570149779319763,0.07651632279157639,71.10298919677734
500,6.348299980163574,0.7489404082298279,1.149397611618042,0.7527300119400024,0.5240439176559448,0.11893630027770996,0.11703035235404968,66.10826110839844
501,6.325200080871582,0.8404813408851624,1.1839628219604492,0.6727091670036316,0.557280421257019,0.325286865234375,0.008559023961424828,63.885555267333984
502,6.304800033569336,1.0976678133010864,1.376149296760559,0.8785465359687805,0.5798497796058655,0.09720730781555176,0.054230526089668274,69.60301208496094
503,6.280600070953369,1.1948376893997192,1.4243311882019043,0.8534652590751648,0.4235425293445587,0.11672977358102798,0.011291440576314926,68.90634155273438
504,6.257599830627441,0.6966529488563538,1.4340200424194336,0.7167037129402161,0.6932703256607056,0.3633110225200653,0.28026026487350464,65.10757446289062
505,6.228499889373779,1.0969924926757812,1.3232868909835815,0.8892608284950256,0.4174822270870209,0.15557900071144104,0.06284935027360916,69.90061950683594
506,6.22730016708374,1.2966922521591187,1.3153237104415894,0.8388363718986511,0.6103999018669128,0.28745371103286743,0.12669725716114044,68.5
507,6.2154998779296875,1.1935596466064453,1.4328657388687134,0.7954211831092834,0.4204607903957367,0.053691040724515915,0.08135027438402176,67.29407501220703
508,6.19189977645874,1.167641520500183,1.4073262214660645,0.6588285565376282,0.5529311299324036,0.1993582546710968,0.01507839560508728,63.5
509,6.186299800872803,1.1692291498184204,1.3103997707366943,0.8680384755134583,0.557903528213501,0.06337424367666245,0.16054125130176544,69.3111343383789
510,6.163400173187256,0.9322037100791931,1.3344509601593018,0.8100201487541199,0.5268900394439697,0.09237409383058548,0.04584836959838867,67.6995849609375
511,6.158999919891357,1.2127994298934937,1.1491707563400269,1.0261245965957642,0.45938587188720703,0.22793233394622803,0.05120714381337166,73.70222473144531
512,6.1371002197265625,0.6200331449508667,1.270812749862671,0.8030932545661926,0.5601173043251038,0.2128714770078659,0.17408457398414612,67.5071792602539
513,6.123700141906738,1.1204016208648682,1.194438099861145,0.7922948598861694,0.5348523259162903,0.06818161904811859,0.0008295688312500715,67.20723724365234
514,6.102099895477295,1.4248336553573608,1.2447798252105713,0.7764689326286316,0.5702614188194275,0.13275109231472015,0.11281493306159973,66.76764678955078
515,6.10129976272583,1.0736639499664307,1.3956668376922607,0.7633894085884094,0.5908381342887878,0.18689455091953278,0.08408822864294052,66.40434265136719
516,6.0578999519348145,1.1225942373275757,1.4532676935195923,0.6987889409065247,0.497432142496109,0.15371379256248474,0.1104636862874031,64.6099624633789
517,6.0218000411987305,1.1924412250518799,1.4532325267791748,0.842615008354187,0.5766648054122925,0.12513674795627594,0.20176681876182556,68.6049575805664
518,6.00600004196167,0.7751206755638123,1.2453817129135132,0.6021894812583923,0.6219151616096497,0.12926021218299866,0.13038572669029236,61.926761627197266
519,6.000400066375732,1.1643071174621582,1.4230093955993652,0.8067938685417175,0.38640180230140686,0.0704912394285202,0.02754817344248295,67.60997009277344
520,5.998799800872803,1.0070292949676514,1.3475195169448853,0.7938558459281921,0.6094498038291931,0.3767090141773224,0.031837861984968185,67.25059509277344
521,5.974699974060059,1.0284656286239624,1.3725436925888062,0.8497737050056458,0.5208403468132019,0.07010047137737274,0.060415059328079224,68.80380249023438
522,5.953199863433838,0.5987635850906372,1.18666410446167,0.7919899821281433,0.5681480765342712,0.25652819871902466,0.08680710196495056,67.19876861572266
523,5.949999809265137,1.1413954496383667,1.4143987894058228,0.7779024243354797,0.32919880747795105,0.07540794461965561,0.09039152413606644,66.80746459960938
524,5.92519998550415,0.8533836007118225,1.2210276126861572,0.838837742805481,0.5552345514297485,0.1150064766407013,0.08675338327884674,68.50003814697266
525,5.910900115966797,1.1688008308410645,1.339530348777771,0.9793152809143066,0.5898951888084412,0.053036946803331375,0.027733465656638145,72.40202331542969
526,5.889800071716309,0.7790583968162537,1.4082891941070557,0.7884340882301331,0.5531246066093445,0.11626849323511124,0.03014778532087803,67.0999984741211
527,5.872399806976318,1.2453006505966187,1.1335605382919312,1.0225425958633423,0.2593563497066498,0.17030386626720428,0.09459628164768219,73.60272979736328
528,5.870800018310547,1.2667241096496582,1.3323386907577515,1.0728813409805298,0.49546587467193604,0.035711780190467834,0.18143963813781738,75.00096893310547
529,5.796800136566162,0.9185491800308228,1.2084059715270996,0.8244441747665405,0.5132100582122803,0.0916118174791336,0.02703266032040119,68.10023498535156
530,5.778200149536133,0.9881818294525146,1.3274489641189575,0.8284032940864563,0.3954284191131592,0.15028288960456848,0.05944714695215225,68.210205078125
531,5.747499942779541,0.7309763431549072,1.1423505544662476,0.6624456644058228,0.5744644999504089,0.13837507367134094,0.07294263690710068,63.60047149658203
532,5.693299770355225,0.6167994737625122,0.8729795813560486,0.46993324160575867,0.40542173385620117,0.22870506346225739,0.12259212136268616,58.253135681152344
533,5.6921000480651855,0.8979908227920532,1.3681975603103638,0.7358696460723877,0.5865100622177124,0.20429924130439758,0.06507737934589386,65.63993835449219
534,5.689199924468994,0.9831918478012085,1.3288888931274414,0.741901695728302,0.562873899936676,0.11219678074121475,0.11594568192958832,65.80748748779297
535,5.674099922180176,0.918395459651947,1.2039865255355835,0.8139281868934631,0.30536574125289917,0.26400524377822876,0.001172487041912973,67.80813598632812
536,5.607500076293945,0.707916796207428,1.2373121976852417,0.7132994532585144,0.38957148790359497,0.17404918372631073,0.014378744177520275,65.01301574707031
537,5.555699825286865,0.4748746156692505,1.218377709388733,0.680594801902771,0.5211411714553833,0.1824171245098114,0.22177991271018982,64.1045913696289
538,5.54610013961792,1.0101500749588013,1.265657901763916,0.8390288949012756,0.3032238483428955,0.1490103304386139,0.09843511134386063,68.5053482055664
539,5.546000003814697,1.1269996166229248,1.3786441087722778,0.6804459095001221,0.3994995951652527,0.09904191642999649,0.045699361711740494,64.10045623779297
540,5.541500091552734,0.5131809711456299,1.3410366773605347,0.6806458830833435,0.6146177649497986,0.3013707399368286,0.03046669065952301,64.10601043701172
541,5.539899826049805,1.0188544988632202,1.3871393203735352,0.7525885701179504,0.29075586795806885,0.08993306010961533,0.19360743463039398,66.10433197021484
542,5.5355000495910645,1.2127994298934937,1.1830891370773315,1.0261245965957642,0.47788572311401367,0.19916005432605743,0.19980290532112122,73.70222473144531
543,5.514999866485596,1.1280701160430908,1.1689735651016235,0.9794317483901978,0.17351634800434113,0.0,0.0488443523645401,72.40525817871094
544,5.51039981842041,1.3767460584640503,1.2435842752456665,1.136630654335022,0.45935651659965515,0.2882809042930603,0.3324854373931885,76.7717056274414
545,5.504700183868408,1.1090242862701416,1.3112648725509644,0.900575578212738,0.3814568817615509,0.11399897933006287,0.012325005605816841,70.21490478515625
546,5.488800048828125,1.021913766860962,1.1962836980819702,0.6156266331672668,0.451354056596756,0.14275769889354706,0.17225807905197144,62.29999923706055
547,5.456200122833252,0.9048727750778198,1.4589306116104126,0.6157881617546082,0.35570311546325684,0.2638857364654541,0.04653312638401985,62.30448532104492
548,5.384300231933594,1.1684216260910034,1.1740022897720337,0.7885118722915649,0.5969415307044983,0.2748861610889435,0.062163133174180984,67.10215759277344
549,5.353499889373779,0.7180923819541931,1.2530747652053833,0.819133996963501,0.6508355736732483,0.13648872077465057,0.08984845876693726,67.9527359008789
550,5.285600185394287,0.891720712184906,1.1548008918762207,0.6104370355606079,0.5681614279747009,0.5426465272903442,0.03827861323952675,62.15584945678711
551,5.23330020904541,0.5370944142341614,0.7997272610664368,0.15494251251220703,0.3971225321292877,0.1699155867099762,0.09349579364061356,49.5037727355957
552,5.216000080108643,0.36624470353126526,0.3524284362792969,0.3280629515647888,0.4058398902416229,0.19667042791843414,0.12593187391757965,54.31246566772461
553,5.1975998878479,0.9378643035888672,1.4022876024246216,0.9144395589828491,0.5482036471366882,0.22419825196266174,0.07190649211406708,70.5999984741211
554,5.194399833679199,0.6336167454719543,0.7576360106468201,0.4581011235713959,0.3865143954753876,0.11721601337194443,0.11867078393697739,57.92448043823242
555,5.16480016708374,0.9902727007865906,1.1806130409240723,0.7311340570449829,0.4677347242832184,0.040113214403390884,0.2473071813583374,65.5083999633789
556,5.159800052642822,0.935371994972229,1.1831735372543335,0.8029941320419312,0.410224586725235,0.18586353957653046,0.02459505945444107,67.50442504882812
557,5.1479997634887695,0.575862467288971,0.9663679599761963,0.43216225504875183,0.4772900640964508,0.2612912058830261,0.0565703809261322,57.20398712158203
558,5.137199878692627,0.4440503716468811,1.1007893085479736,0.6688793897628784,0.4806082546710968,0.3009718060493469,0.12750296294689178,63.779178619384766
559,5.131800174713135,1.1271692514419556,1.1971591711044312,0.7813352942466736,0.25440075993537903,0.08588556945323944,0.12098324298858643,66.90281677246094
560,5.123899936676025,0.9905334115028381,1.1320806741714478,0.86724853515625,0.6016051173210144,0.07902104407548904,0.1172555536031723,69.28919219970703
561,5.119100093841553,1.0089635848999023,1.5104769468307495,0.6124480366706848,0.5152366757392883,0.3231293261051178,0.03350389003753662,62.211708068847656
562,5.101500034332275,1.046554684638977,1.4605789184570312,0.7777768969535828,0.4178200662136078,0.10383371263742447,0.0,66.8039779663086
563,5.094799995422363,0.7586221098899841,0.645208477973938,0.7450969219207764,0.4500541388988495,0.04003255069255829,0.07738560438156128,65.896240234375
564,5.08489990234375,0.5039580464363098,0.8997264504432678,0.2701895534992218,0.43924248218536377,0.1980201005935669,0.05439342185854912,52.70494079589844
565,5.053199768066406,0.7702386379241943,1.3485468626022339,0.7670255303382874,0.27171722054481506,0.08717915415763855,0.0636247768998146,66.50534057617188
566,5.005099773406982,0.9438560009002686,1.1430035829544067,0.7454185485839844,0.08394379913806915,0.11891501396894455,0.12919065356254578,65.9051742553711
567,4.980800151824951,0.5040618181228638,0.9545934200286865,0.5183919072151184,0.35240089893341064,0.16439713537693024,0.08186593651771545,59.599151611328125
568,4.9492998123168945,0.39000773429870605,0.7513659596443176,0.3336552381515503,0.371878057718277,0.24949084222316742,0.11220455914735794,54.46780014038086
569,4.909599781036377,0.10833033174276352,0.7038001418113708,0.29881635308265686,0.43531161546707153,0.2081768959760666,0.13755476474761963,53.50009536743164
570,4.888599872589111,0.7146938443183899,0.9873918890953064,0.4863782823085785,0.6120272874832153,0.2726671099662781,0.1942739635705948,58.709922790527344
571,4.882699966430664,0.9066530466079712,0.8304839134216309,0.8463296294212341,0.46194589138031006,0.1710277646780014,0.025361284613609314,68.70813751220703
572,4.848400115966797,0.5446349382400513,1.0714260339736938,0.5879043340682983,0.6749403476715088,0.23334208130836487,0.07283750176429749,61.52996826171875
573,4.832799911499023,0.5561562776565552,0.8688005805015564,0.6949405074119568,0.6041305661201477,0.17674511671066284,0.17673590779304504,64.50306701660156
574,4.8292999267578125,0.9880443811416626,1.1063975095748901,0.5225748419761658,0.3694598972797394,0.05201360210776329,0.0558045394718647,59.71533966064453
575,4.8140997886657715,0.9021404385566711,1.25908625125885,0.4070340692996979,0.4347818195819855,0.12640684843063354,0.05950213968753815,56.506011962890625
576,4.784800052642822,0.9820187091827393,1.0114666223526,0.5293506979942322,0.2835880517959595,0.153002068400383,0.07316499203443527,59.90354919433594
577,4.771500110626221,0.8892325162887573,1.1924933195114136,0.7886711359024048,0.18551667034626007,0.15852414071559906,0.021518146619200706,67.10658264160156
578,4.768700122833252,0.3024676442146301,0.9293859004974365,0.31283387541770935,0.3223981559276581,0.18639060854911804,0.12640805542469025,53.88945388793945
579,4.7505998611450195,0.25699055194854736,0.8826786875724792,0.35324788093566895,0.40341952443122864,0.42598968744277954,0.15809379518032074,55.01201629638672
580,4.729300022125244,0.35246264934539795,0.9731417298316956,0.23498152196407318,0.3775344491004944,0.169667050242424,0.062146276235580444,51.72698211669922
581,4.724100112915039,0.6459018588066101,0.986717939376831,0.16783593595027924,0.4350794553756714,0.22132812440395355,0.04758993536233902,49.861907958984375
582,4.676799774169922,0.8082624077796936,1.0345768928527832,0.7758572697639465,0.37807580828666687,0.10722573846578598,0.10461818426847458,66.75065612792969
583,4.672599792480469,0.8471980690956116,0.7311939001083374,0.6946576237678528,0.48549410700798035,0.047609735280275345,0.17408807575702667,64.49520874023438
584,4.672399997711182,1.0293225049972534,0.8862711787223816,0.7490538358688354,0.3011954724788666,0.2769789397716522,0.1426515132188797,66.00614929199219
585,4.633399963378906,0.7851791977882385,1.1401185989379883,0.7776247262954712,0.4248550832271576,0.09149476885795593,0.15187862515449524,66.79975128173828
586,4.623600006103516,0.17874136567115784,0.9552028775215149,0.3242236375808716,0.5607753396034241,0.22042210400104523,0.16306431591510773,54.2058219909668
587,4.583000183105469,0.47641339898109436,0.9050777554512024,0.5363127589225769,0.5191805362701416,0.39390209317207336,0.06720107793807983,60.09693145751953
588,4.571100234985352,0.8400819897651672,1.24573814868927,0.40687116980552673,0.4445989727973938,0.07645448297262192,0.05432034283876419,56.501487731933594
589,4.560699939727783,0.7804346084594727,1.3213164806365967,0.6986743807792664,0.31942370533943176,0.1785513162612915,0.00965115986764431,64.60678100585938
590,4.5578999519348145,0.1741030067205429,0.9207339286804199,0.3922842741012573,0.4059430956840515,0.22696787118911743,0.05113987624645233,56.0963134765625
591,4.552800178527832,0.5878192186355591,1.1947555541992188,0.61382657289505,0.298700749874115,0.0918162614107132,0.07191365212202072,62.25
592,4.432000160217285,0.3123374283313751,1.0523273944854736,0.3783116638660431,0.4016825556755066,0.2648073732852936,0.06381884217262268,55.70820236206055
593,4.422699928283691,0.3022874891757965,0.7391182780265808,0.10874409973621368,0.22860176861286163,0.21080508828163147,0.08575540781021118,48.22053909301758
594,4.392199993133545,0.8747426867485046,0.872167706489563,0.7811567187309265,0.23586055636405945,0.05588114261627197,0.043899573385715485,66.89785766601562
595,4.374599933624268,0.5396848917007446,1.1133235692977905,0.42518481612205505,0.1857144832611084,0.12889966368675232,0.12225763499736786,57.01017761230469
596,4.327000141143799,0.8979869484901428,1.1949400901794434,0.7920367121696472,0.5286324620246887,0.2526661455631256,0.04944456368684769,67.20006561279297
597,4.310999870300293,0.062487468123435974,0.8330550193786621,0.2772120535373688,0.36462298035621643,0.25432488322257996,0.08146664500236511,52.900001525878906
598,4.30810022354126,0.8275397419929504,1.0648351907730103,0.2155858278274536,0.29993578791618347,0.06726483255624771,0.14676587283611298,51.188236236572266
599,4.308000087738037,0.6780909299850464,1.0981782674789429,0.49544307589530945,0.5974788665771484,0.5698137283325195,0.18753035366535187,58.96171188354492
600,4.288599967956543,0.4156207740306854,0.7232328057289124,0.4373833239078522,0.18102823197841644,0.25853827595710754,0.10004853457212448,57.3490104675293
601,4.18720006942749,0.2681162655353546,0.5476228594779968,0.34273117780685425,0.3035390377044678,0.20077425241470337,0.11482645571231842,54.71989822387695
602,4.186200141906738,0.31512564420700073,1.0011032819747925,0.4838462471961975,0.4125668704509735,0.22769810259342194,0.11743703484535217,58.639591217041016
603,4.165599822998047,0.24455320835113525,0.8236943483352661,0.5006170272827148,0.19296754896640778,0.19119006395339966,0.0762486383318901,59.10542678833008
604,4.151400089263916,0.8752289414405823,0.9825395345687866,0.5969113111495972,0.37368473410606384,0.06880125403404236,0.09546179324388504,61.7801513671875
605,3.9263999462127686,0.240560382604599,0.7479849457740784,0.20395396649837494,0.38202768564224243,0.25764700770378113,0.0479409359395504,50.865142822265625
606,3.7753000259399414,0.0,0.40357527136802673,0.29521283507347107,0.2753990590572357,0.18740178644657135,0.21218682825565338,53.400001525878906
607,3.759399890899658,0.5368337631225586,0.8960372805595398,0.36359333992004395,0.4913175404071808,0.25062090158462524,0.08670523762702942,55.29937744140625
608,3.7207999229431152,0.28473442792892456,0.6466713547706604,0.37436673045158386,0.16929751634597778,0.46390965580940247,0.16193567216396332,55.59862518310547
609,3.6528000831604004,0.45493873953819275,1.0889400243759155,0.10093481093645096,0.40936753153800964,0.10262764245271683,0.0504838228225708,48.003623962402344
610,3.5732998847961426,0.7305761575698853,0.6441986560821533,0.5405701398849487,0.581142246723175,0.23707248270511627,0.10558798164129257,60.215187072753906
611,3.5380001068115234,0.1765347272157669,0.5303680896759033,0.4461632966995239,0.48738983273506165,0.21318505704402924,0.1316339522600174,57.59288787841797
612,3.527400016784668,0.39270177483558655,1.1774771213531494,0.41500017046928406,0.24372148513793945,0.0946890115737915,0.08735212683677673,56.7272834777832
613,3.4788999557495117,0.9975489974021912,1.0856947898864746,0.49410173296928406,0.5090894103050232,0.033407486975193024,0.10178636759519577,58.92445373535156
614,3.4762001037597656,0.45716312527656555,0.8726746439933777,0.4426778554916382,0.5093430876731873,0.27154091000556946,0.20388086140155792,57.49607467651367
615,3.4758999347686768,0.04107208177447319,0.0,0.0,0.2928144633769989,0.2535132169723511,0.028264718130230904,45.20000076293945
616,3.312299966812134,0.34324267506599426,0.5228763222694397,0.5723832845687866,0.6040878891944885,0.23570498824119568,0.4855424761772156,61.098846435546875
617,3.2992000579833984,0.4255640208721161,1.0478352308273315,0.37503761053085327,0.37740471959114075,0.15134918689727783,0.08092857897281647,55.61725997924805
618,2.8166000843048096,0.28908297419548035,0.5532785058021545,0.208809033036232,0.06560925394296646,0.20993460714817047,0.11115679889917374,51.0
619,2.5669000148773193,0.30070585012435913,0.35643383860588074,0.2660515308380127,0.0,0.13523471355438232,0.0012257853522896767,52.59000015258789
