,Year,Country,Rank,Happiness_score,Live_expect_score,Helth_life_exp_age,Age_avg
0,2017,Norway,1,7.537000179290769,0.796666502952576,73.0999984741211,73.2001953125
4,2017,Denmark,2,7.52199983596802,0.7925655245780941,72.0999984741211,72.40062522888184
8,2017,Iceland,3,7.50400018692017,0.8335521221160892,73.0,73.0
12,2017,Switzerland,4,7.49399995803833,0.858131289482117,73.80000305175781,74.10061264038086
16,2017,Finland,5,7.468999862670901,0.80915766954422,71.80000305175781,71.90020751953125
20,2017,Netherlands,6,7.3769998550415,0.8106961250305179,72.19999694824219,72.30023002624512
24,2017,Canada,7,7.31599998474121,0.83455765247345,73.4000015258789,73.60040092468262
28,2017,New Zealand,8,7.31400012969971,0.816759705543518,73.0,73.20065689086914
32,2017,Sweden,9,7.28399991989136,0.830875158309937,72.5,72.60019111633301
36,2017,Australia,10,7.28399991989136,0.84388679265976,73.30000305175781,73.60113525390625
40,2017,Israel,11,7.212999820709231,0.83840399980545,73.0999984741211,73.20008595784505
44,2017,Costa Rica,12,7.0789999961853,0.7595092654228209,71.0999984741211,71.29996299743652
48,2017,Austria,13,7.00600004196167,0.8153284192085269,72.69999694824219,73.00062561035156
52,2017,United States,14,6.993000030517581,0.7742866277694699,68.4000015258789,68.29987525939941
56,2017,Ireland,15,6.9770002365112305,0.8097826242446899,72.19999694824219,72.30019760131836
60,2017,Germany,16,6.9510002136230495,0.798950731754303,71.9000015258789,72.20050430297852
64,2017,Belgium,17,6.89099979400635,0.8180918693542479,71.80000305175781,72.00041198730469
68,2017,Luxembourg,18,6.86299991607666,0.845089495182037,72.5999984741211,72.5999984741211
72,2017,United Kingdom,19,6.71400022506714,0.805335938930511,72.0999984741211,72.30040168762207
76,2017,Chile,20,6.65199995040894,0.8194797039031979,69.80000305175781,69.90015602111816
80,2017,United Arab Emirates,21,6.6479997634887695,0.726798236370087,66.9000015258789,67.0956974029541
84,2017,Brazil,22,6.6350002288818395,0.6165523529052729,66.19999694824219,66.42004013061523
88,2017,Czech Republic,23,6.60900020599365,0.754444003105164,69.80000305175781,70.04931386311848
92,2017,Argentina,24,6.59899997711182,0.695137083530426,68.5999984741211,68.80095100402832
96,2017,Mexico,25,6.57800006866455,0.709978997707367,68.0,68.29975700378418
100,2017,Singapore,26,6.57200002670288,0.9494923949241642,76.5,76.80114555358887
104,2017,Malta,27,6.52699995040894,0.821944236755371,72.19999694824219,72.19999694824219
108,2017,Uruguay,28,6.4539999961853,0.719216823577881,68.9000015258789,69.00063705444336
112,2017,Guatemala,29,6.4539999961853,0.540239989757538,64.5,64.80223655700684
116,2017,Panama,30,6.4520001411438,0.706156134605408,69.5,69.60075187683105
120,2017,France,31,6.44199991226196,0.8444658517837521,73.5999984741211,73.80048370361328
124,2017,Thailand,32,6.4239997863769505,0.647239029407501,67.0,67.21264839172363
128,2017,Taiwan,33,6.42199993133545,0.793984234333038,69.5999984741211,69.5999984741211
132,2017,Spain,34,6.40299987792969,0.888960599899292,74.0999984741211,74.40067672729492
136,2017,Qatar,35,6.375,0.7100980877876278,0.0,0.0
139,2017,Colombia,36,6.35699987411499,0.595027923583984,67.4000015258789,67.69989585876465
143,2017,Saudi Arabia,37,6.343999862670901,0.590148329734802,66.0,66.3012866973877
147,2017,Trinidad & Tobago,38,6.1680002212524405,0.5199832916259771,63.5,63.5
151,2017,Kuwait,39,6.10500001907349,0.6321057081222529,66.5,66.72254943847656
155,2017,Slovakia,40,6.09800004959106,0.712732911109924,68.5999984741211,68.90158462524414
159,2017,Bahrain,41,6.08699989318848,0.653133034706116,68.5,68.5
163,2017,Malaysia,42,6.08400011062622,0.618784427642822,67.10071818033855,67.10071818033855
167,2017,Nicaragua,43,6.07100009918213,0.6530959606170649,67.19999694824219,67.50179481506348
171,2017,Ecuador,44,6.00799989700317,0.685636222362518,68.19999694824219,68.50000953674316
175,2017,El Salvador,45,6.002999782562259,0.596018552780151,65.80000305175781,66.10206604003906
179,2017,Poland,46,5.97300004959106,0.699475347995758,68.9000015258789,69.30278396606445
183,2017,Uzbekistan,47,5.97100019454956,0.498272627592087,64.80000305175781,65.10189437866211
187,2017,Italy,48,5.96400022506714,0.8531443476676941,73.4000015258789,73.60042190551758
191,2017,Russia,49,5.962999820709231,0.547349333763123,63.900001525878906,64.10015360514323
195,2017,Belize,50,5.955999851226809,0.45019176602363603,0.0,0.0
197,2017,Japan,51,5.92000007629395,0.9134758710861209,74.9000015258789,75.00024223327637
201,2017,Lithuania,52,5.90199995040894,0.62894994020462,66.69999694824219,67.29851913452148
205,2017,Algeria,53,5.872000217437741,0.6175846457481379,65.69999694824219,65.90129280090332
209,2017,Latvia,54,5.849999904632571,0.638566970825195,66.5,66.80186653137207
213,2017,South Korea,55,5.837999820709231,0.900214076042175,73.30000305175781,73.60068321228027
217,2017,Moldova,56,5.837999820709231,0.5894652009010309,64.30000305175781,65.00325393676758
221,2017,Romania,57,5.824999809265139,0.6851583123207089,66.9000015258789,67.20180892944336
225,2017,Bolivia,58,5.82299995422363,0.47363024950027505,63.29999923706055,63.600117683410645
229,2017,Turkmenistan,59,5.82200002670288,0.437726080417633,61.79999923706055,62.20292663574219
233,2017,Kazakhstan,60,5.8189997673034695,0.6060415506362921,64.0,64.60248947143555
237,2017,Northern Cyprus,61,5.80999994277954,0.834647238254547,73.70222473144531,73.70222473144531
241,2017,Slovenia,62,5.75799989700317,0.7908282279968258,70.80000305175781,71.10074806213379
245,2017,Peru,63,5.71500015258789,0.6301661133766171,67.80000305175781,68.10005950927734
249,2017,Mauritius,64,5.62900018692017,0.6380074620246889,66.0999984741211,66.40108489990234
253,2017,Cyprus,65,5.62099981307983,0.84471470117569,73.5,73.7005558013916
257,2017,Estonia,66,5.61100006103516,0.695168316364288,68.4000015258789,68.60124015808105
261,2017,Belarus,67,5.5689997673034695,0.6377142667770389,65.80000305175781,66.10108375549316
265,2017,Libya,68,5.525000095367429,0.520169019699097,62.29999923706055,62.29999923706055
269,2017,Turkey,69,5.5,0.6376056075096129,66.4000015258789,66.82570457458496
273,2017,Paraguay,70,5.493000030517581,0.579250693321228,65.5,65.6799799601237
277,2017,Hong Kong,71,5.47200012207031,0.943062424659729,76.7717056274414,76.7717056274414
281,2017,Philippines,72,5.42999982833862,0.46800905466079706,61.79999923706055,61.90669059753418
285,2017,Serbia,73,5.39499998092651,0.65078467130661,67.80000305175781,68.20255088806152
289,2017,Jordan,74,5.33599996566772,0.6045900583267211,66.5999984741211,66.7999382019043
293,2017,Hungary,75,5.32399988174438,0.6877634525299069,67.19999694824219,67.60249137878418
297,2017,Jamaica,76,5.31099987030029,0.6410223841667181,67.0999984741211,67.0999984741211
301,2017,Croatia,77,5.2930002212524405,0.701288521289825,69.5999984741211,70.20372581481934
305,2017,Kosovo,78,5.27899980545044,0.541452050209045,63.885555267333984,63.885555267333984
309,2017,China,79,5.2729997634887695,0.741415500640869,69.0,69.29729843139648
313,2017,Pakistan,80,5.26900005340576,0.40204778313636796,58.099998474121094,58.28437805175781
317,2017,Indonesia,81,5.26200008392334,0.49234572052955605,61.900001525878906,62.113962173461914
321,2017,Venezuela,82,5.25,0.617144227027893,66.30000305175781,66.50133514404297
325,2017,Montenegro,83,5.23699998855591,0.6674646735191351,68.30000305175781,68.5013370513916
329,2017,Morocco,84,5.2350001335144,0.59771066904068,65.5999984741211,65.8990592956543
333,2017,Azerbaijan,85,5.234000205993651,0.5407757759094239,65.19999694824219,65.50209999084473
337,2017,Dominican Republic,86,5.230000019073491,0.574873745441437,65.5,65.80187225341797
341,2017,Greece,87,5.2270002365112305,0.8101989030838009,72.19999694824219,72.40131378173828
345,2017,Lebanon,88,5.22499990463257,0.7350810766220089,66.5999984741211,67.10164451599121
349,2017,Portugal,89,5.19500017166138,0.795843541622162,72.19999694824219,72.40050506591797
353,2017,Bosnia and Herzegovina,90,5.18200016021729,0.705186307430267,67.5,67.80203437805176
357,2017,Honduras,91,5.1810002326965305,0.582569479942322,67.0,67.19969177246094
361,2017,Macedonia,92,5.175000190734861,0.644948184490204,67.30000305175781,67.50110626220703
365,2017,Somalia,93,5.151000022888179,0.11398913711309401,0.0,0.0
368,2017,Vietnam,94,5.07399988174438,0.6521689891815191,67.69999694824219,67.91318321228027
372,2017,Nigeria,95,5.07399988174438,0.0569157302379608,49.29999923706055,49.74047660827637
376,2017,Tajikistan,96,5.04099988937378,0.5292351245880129,63.79999923706055,64.10114765167236
380,2017,Bhutan,97,5.01100015640259,0.495879292488098,0.0,0.0
383,2017,Kyrgyzstan,98,5.0040001869201705,0.553457796573639,63.79999923706055,64.10150241851807
387,2017,Nepal,99,4.961999893188481,0.504130780696869,62.400001525878906,63.56979465484619
391,2017,Mongolia,100,4.95499992370605,0.557783484458923,62.099998474121094,62.30112075805664
395,2017,South Africa,101,4.8289999961853,0.18708007037639604,56.099998474121094,56.501502990722656
399,2017,Tunisia,102,4.80499982833862,0.613212049007416,66.5999984741211,66.89946365356445
403,2017,Palestinian Territories,103,4.77500009536743,0.565666973590851,62.25,62.25
407,2017,Egypt,104,4.7350001335144,0.520187258720398,61.400001525878906,61.720038414001465
411,2017,Bulgaria,105,4.71400022506714,0.708217680454254,66.5999984741211,66.80099487304688
415,2017,Sierra Leone,106,4.70900011062622,0.005564753897488121,49.20000076293945,50.81628608703613
419,2017,Cameroon,107,4.69500017166138,0.132892116904259,51.900001525878906,52.7012357711792
423,2017,Iran,108,4.69199991226196,0.639333188533783,65.69999694824219,66.00153732299805
427,2017,Albania,109,4.64400005340576,0.731159746646881,68.4000015258789,68.70203399658203
431,2017,Bangladesh,110,4.60799980163574,0.533241033554077,63.79999923706055,64.35076808929443
435,2017,Namibia,111,4.57399988174438,0.33861181139946,56.20000076293945,56.5003719329834
439,2017,Kenya,112,4.55299997329712,0.30998834967613204,59.5,60.09923267364502
443,2017,Mozambique,113,4.550000190734861,0.10665443539619399,53.20000076293945,54.20145606994629
447,2017,Myanmar,114,4.54500007629395,0.397522568702698,58.70000076293945,58.99042797088623
451,2017,Senegal,115,4.53499984741211,0.409362852573395,59.20000076293945,59.59978771209717
455,2017,Zambia,116,4.513999938964839,0.25783589482307395,54.79999923706055,55.29984378814697
459,2017,Iraq,117,4.49700021743774,0.501180469989777,59.599998474121094,59.90118281046549
463,2017,Gabon,118,4.46500015258789,0.35657858848571794,59.20000076293945,59.70383548736572
467,2017,Ethiopia,119,4.46000003814697,0.35340970754623396,58.0,58.534897804260254
471,2017,Sri Lanka,120,4.44000005722046,0.625130832195282,67.0,67.20001602172852
475,2017,Armenia,121,4.37599992752075,0.637524425983429,66.5999984741211,66.75021870930989
479,2017,India,122,4.31500005722046,0.455427616834641,59.70000076293945,60.12879657745361
483,2017,Mauritania,123,4.29199981689453,0.285349279642105,56.70000076293945,57.00254440307617
487,2017,Congo (Brazzaville),124,4.29099988937378,0.28995743393898,57.29999923706055,57.90612030029297
491,2017,Georgia,125,4.28599977493286,0.649546980857849,64.69999694824219,64.4988021850586
495,2017,Congo (Kinshasa),126,4.2800002098083505,0.191407024860382,52.900001525878906,52.900001525878906
499,2017,Mali,127,4.19000005722046,0.16936567425727803,51.20000076293945,51.706746101379395
503,2017,Ivory Coast,128,4.17999982833862,0.0486421696841717,48.900001525878906,49.500943183898926
507,2017,Cambodia,129,4.1680002212524405,0.429783403873444,61.20000076293945,61.582491874694824
511,2017,Sudan,130,4.138999938964839,0.290920823812485,0.0,0.0
513,2017,Ghana,131,4.11999988555908,0.29563772678375205,56.79999923706055,57.20099639892578
517,2017,Ukraine,132,4.09600019454956,0.575903952121735,64.30000305175781,64.6016960144043
521,2017,Uganda,133,4.08099985122681,0.21763260662555703,55.29999923706055,55.70205020904541
525,2017,Burkina Faso,134,4.03200006484985,0.21584425866603896,53.400001525878906,53.89736461639404
529,2017,Niger,135,4.02799987792969,0.26850500702858,53.0,53.50002384185791
533,2017,Malawi,136,3.97000002861023,0.315089583396912,56.900001525878906,57.59822177886963
537,2017,Chad,137,3.9360001087188703,0.0411347150802612,47.70000076293945,48.205135345458984
541,2017,Zimbabwe,138,3.875,0.19676375389099102,55.0,55.60431480407715
545,2017,Lesotho,139,3.80800008773804,0.0,47.29999923706055,48.001207987467446
549,2017,Angola,140,3.79500007629395,0.0498686656355858,0.0,0.0
551,2017,Afghanistan,141,3.7939999103546103,0.18074677884578697,52.79999923706055,52.59749984741211
555,2017,Botswana,142,3.7660000324249303,0.34175550937652605,58.20000076293945,58.906113624572754
559,2017,Benin,143,3.65700006484985,0.20993021130561804,53.900001525878906,54.30311679840088
563,2017,Madagascar,144,3.64400005340576,0.375223308801651,58.70000076293945,59.101356506347656
567,2017,Haiti,145,3.6029999256133998,0.277321130037308,55.5,55.599541982014976
571,2017,Yemen,146,3.59299993515015,0.310080915689468,55.900001525878906,56.70682144165039
575,2017,South Sudan,147,3.5910000801086404,0.163486003875732,51.0,51.0
579,2017,Liberia,148,3.5329999923706095,0.229918196797371,55.29999923706055,56.09907817840576
583,2017,Guinea,149,3.50699996948242,0.194129139184952,53.29999923706055,54.41695022583008
587,2017,Togo,150,3.4949998855590803,0.247105568647385,54.29999923706055,54.70497417449951
591,2017,Rwanda,151,3.47099995613098,0.326424807310104,60.5,61.099711418151855
595,2017,Syria,152,3.46199989318848,0.5005333423614501,0.0,0.0
598,2017,Tanzania,153,3.34899997711182,0.364509284496307,57.0,57.49901866912842
602,2017,Burundi,154,2.90499997138977,0.151610791683197,53.400001525878906,53.400001525878906
606,2017,Central African Republic,155,2.69300007820129,0.0187726859003305,45.20000076293945,45.20000076293945
610,2018,Finland,1,7.632000000000001,0.8740000000000001,71.9000015258789,71.90020751953125
614,2018,Norway,2,7.593999999999999,0.861,73.19999694824219,73.2001953125
618,2018,Denmark,3,7.555,0.868,72.4000015258789,72.40062522888184
622,2018,Iceland,4,7.495,0.914,73.0,73.0
626,2018,Switzerland,5,7.487,0.927,74.0999984741211,74.10061264038086
630,2018,Netherlands,6,7.441,0.878,72.30000305175781,72.30023002624512
634,2018,Canada,7,7.327999999999999,0.8959999999999999,73.5999984741211,73.60040092468262
638,2018,New Zealand,8,7.324,0.8759999999999999,73.19999694824219,73.20065689086914
642,2018,Sweden,9,7.314,0.9129999999999999,72.5999984741211,72.60019111633301
646,2018,Australia,10,7.272,0.91,73.5999984741211,73.60113525390625
650,2018,United Kingdom,11,7.19,0.888,72.30000305175781,72.30040168762207
654,2018,Austria,12,7.138999999999999,0.8909999999999999,73.0,73.00062561035156
658,2018,Costa Rica,13,7.072,0.8170000000000001,71.30000305175781,71.29996299743652
662,2018,Ireland,14,6.977,0.8759999999999999,72.30000305175781,72.30019760131836
666,2018,Germany,15,6.965,0.861,72.19999694824219,72.20050430297852
670,2018,Belgium,16,6.9270000000000005,0.894,72.0,72.00041198730469
674,2018,Luxembourg,17,6.91,0.8959999999999999,72.5999984741211,72.5999984741211
678,2018,United States,18,6.886,0.8190000000000001,68.30000305175781,68.29987525939941
682,2018,Israel,19,6.814,0.883,73.30000305175781,73.20008595784505
686,2018,United Arab Emirates,20,6.774,0.67,67.0999984741211,67.0956974029541
690,2018,Czech Republic,21,6.711,0.8540000000000001,70.30000305175781,70.04931386311848
694,2018,Malta,22,6.627000000000001,0.884,72.19999694824219,72.19999694824219
698,2018,France,23,6.489,0.9079999999999999,73.80000305175781,73.80048370361328
702,2018,Mexico,24,6.4879999999999995,0.7609999999999999,68.30000305175781,68.29975700378418
706,2018,Chile,25,6.476,0.8079999999999999,69.9000015258789,69.90015602111816
710,2018,Taiwan,26,6.441,0.857,69.5999984741211,69.5999984741211
714,2018,Panama,27,6.43,0.759,69.5999984741211,69.60075187683105
718,2018,Brazil,28,6.419,0.675,66.4000015258789,66.42004013061523
722,2018,Argentina,29,6.388,0.7440000000000001,68.80000305175781,68.80095100402832
726,2018,Guatemala,30,6.382000000000001,0.608,64.80000305175781,64.80223655700684
730,2018,Uruguay,31,6.379,0.7709999999999999,69.0,69.00063705444336
734,2018,Qatar,32,6.374,0.748,0.0,0.0
737,2018,Saudi Arabia,33,6.371,0.633,66.30000305175781,66.3012866973877
741,2018,Singapore,34,6.343,1.008,76.80000305175781,76.80114555358887
745,2018,Malaysia,35,6.322,0.669,67.0,67.10071818033855
749,2018,Spain,36,6.31,0.965,74.4000015258789,74.40067672729492
753,2018,Colombia,37,6.26,0.635,67.69999694824219,67.69989585876465
757,2018,Trinidad & Tobago,38,6.192,0.564,63.5,63.5
761,2018,Slovakia,39,6.172999999999999,0.7759999999999999,68.9000015258789,68.90158462524414
765,2018,El Salvador,40,6.167000000000001,0.639,66.0999984741211,66.10206604003906
769,2018,Nicaragua,41,6.141,0.7,67.5,67.50179481506348
773,2018,Poland,42,6.122999999999999,0.7809999999999999,69.30000305175781,69.30278396606445
777,2018,Bahrain,43,6.105,0.698,68.5,68.5
781,2018,Uzbekistan,44,6.096,0.605,65.0999984741211,65.10189437866211
785,2018,Kuwait,45,6.082999999999999,0.675,66.72254943847656,66.72254943847656
789,2018,Thailand,46,6.072,0.7070000000000001,67.19999694824219,67.21264839172363
793,2018,Italy,47,6.0,0.946,73.5999984741211,73.60042190551758
797,2018,Ecuador,48,5.973,0.736,68.5,68.50000953674316
801,2018,Belize,49,5.956,0.474,0.0,0.0
803,2018,Lithuania,50,5.952000000000001,0.716,67.30000305175781,67.29851913452148
807,2018,Slovenia,51,5.9479999999999995,0.856,71.0999984741211,71.10074806213379
811,2018,Romania,52,5.945,0.726,67.19999694824219,67.20180892944336
815,2018,Latvia,53,5.933,0.6709999999999999,66.80000305175781,66.80186653137207
819,2018,Japan,54,5.915,0.988,75.0,75.00024223327637
823,2018,Mauritius,55,5.891,0.684,66.4000015258789,66.40108489990234
827,2018,Jamaica,56,5.89,0.693,67.0999984741211,67.0999984741211
831,2018,South Korea,57,5.875,0.955,73.5999984741211,73.60068321228027
835,2018,Northern Cyprus,58,5.835,0.909,73.70222473144531,73.70222473144531
839,2018,Russia,59,5.81,0.599,64.30000305175781,64.10015360514323
843,2018,Kazakhstan,60,5.79,0.631,64.5999984741211,64.60248947143555
847,2018,Cyprus,61,5.7620000000000005,0.909,73.69999694824219,73.7005558013916
851,2018,Bolivia,62,5.752000000000001,0.508,63.599998474121094,63.600117683410645
855,2018,Estonia,63,5.739,0.737,68.5999984741211,68.60124015808105
859,2018,Paraguay,64,5.681,0.615,65.6799799601237,65.6799799601237
863,2018,Peru,65,5.662999999999999,0.674,68.0999984741211,68.10005950927734
867,2018,Kosovo,66,5.662000000000001,0.578,63.885555267333984,63.885555267333984
871,2018,Moldova,67,5.64,0.62,65.0,65.00325393676758
875,2018,Turkmenistan,68,5.636,0.517,62.20000076293945,62.20292663574219
879,2018,Hungary,69,5.62,0.732,67.5999984741211,67.60249137878418
883,2018,Libya,70,5.566,0.5529999999999999,62.29999923706055,62.29999923706055
887,2018,Philippines,71,5.524,0.513,61.900001525878906,61.90669059753418
891,2018,Honduras,72,5.504,0.622,67.19999694824219,67.19969177246094
895,2018,Belarus,73,5.483,0.7,66.0999984741211,66.10108375549316
899,2018,Turkey,74,5.483,0.6859999999999999,66.80000305175781,66.82570457458496
903,2018,Pakistan,75,5.472,0.424,58.5,58.28437805175781
907,2018,Hong Kong,76,5.43,1.03,76.7717056274414,76.7717056274414
911,2018,Portugal,77,5.41,0.884,72.4000015258789,72.40050506591797
915,2018,Serbia,78,5.398,0.685,68.19999694824219,68.20255088806152
919,2018,Greece,79,5.358,0.879,72.4000015258789,72.40131378173828
923,2018,Lebanon,80,5.358,0.785,67.0999984741211,67.10164451599121
927,2018,Montenegro,81,5.347,0.7290000000000001,68.5,68.5013370513916
931,2018,Croatia,82,5.321000000000001,0.737,70.19999694824219,70.20372581481934
935,2018,Dominican Republic,83,5.3020000000000005,0.614,65.80000305175781,65.80187225341797
939,2018,Algeria,84,5.295,0.687,65.9000015258789,65.90129280090332
943,2018,Morocco,85,5.254,0.669,65.9000015258789,65.8990592956543
947,2018,China,86,5.246,0.799,69.30000305175781,69.29729843139648
951,2018,Azerbaijan,87,5.2010000000000005,0.603,65.5,65.50209999084473
955,2018,Tajikistan,88,5.199,0.598,64.0999984741211,64.10114765167236
959,2018,Macedonia,89,5.185,0.691,67.5,67.50110626220703
963,2018,Jordan,90,5.1610000000000005,0.645,66.80000305175781,66.7999382019043
967,2018,Nigeria,91,5.155,0.048,49.70000076293945,49.74047660827637
971,2018,Kyrgyzstan,92,5.131,0.594,64.0999984741211,64.10150241851807
975,2018,Bosnia and Herzegovina,93,5.129,0.758,67.80000305175781,67.80203437805176
979,2018,Mongolia,94,5.125,0.575,62.29999923706055,62.30112075805664
983,2018,Vietnam,95,5.103,0.7020000000000001,67.9000015258789,67.91318321228027
987,2018,Indonesia,96,5.093,0.522,62.099998474121094,62.113962173461914
991,2018,Bhutan,97,5.082,0.527,0.0,0.0
994,2018,Somalia,98,4.982,0.115,0.0,0.0
997,2018,Cameroon,99,4.975,0.182,52.70000076293945,52.7012357711792
1001,2018,Bulgaria,100,4.933,0.7120000000000001,66.80000305175781,66.80099487304688
1005,2018,Nepal,101,4.88,0.539,63.5,63.56979465484619
1009,2018,Venezuela,102,4.806,0.657,66.5,66.50133514404297
1013,2018,Gabon,103,4.758,0.40399999999999997,59.70000076293945,59.70383548736572
1017,2018,Palestinian Territories,104,4.743,0.602,62.25,62.25
1021,2018,South Africa,105,4.724,0.33,56.5,56.501502990722656
1025,2018,Iran,106,4.707,0.691,66.0,66.00153732299805
1029,2018,Ivory Coast,107,4.671,0.08,49.5,49.500943183898926
1033,2018,Ghana,108,4.657,0.337,57.20000076293945,57.20099639892578
1037,2018,Senegal,109,4.631,0.433,59.599998474121094,59.59978771209717
1041,2018,Laos,110,4.623,0.441,58.70000076293945,58.83664067586263
1044,2018,Tunisia,111,4.592,0.69,66.9000015258789,66.89946365356445
1048,2018,Albania,112,4.586,0.79,68.69999694824219,68.70203399658203
1052,2018,Sierra Leone,113,4.571000000000001,0.0,50.79999923706055,50.81628608703613
1056,2018,Congo (Brazzaville),114,4.559,0.34299999999999997,57.900001525878906,57.90612030029297
1060,2018,Bangladesh,115,4.5,0.579,64.30000305175781,64.35076808929443
1064,2018,Sri Lanka,116,4.471,0.672,67.19999694824219,67.20001602172852
1068,2018,Iraq,117,4.456,0.536,60.20000076293945,59.90118281046549
1072,2018,Mali,118,4.447,0.152,51.70000076293945,51.706746101379395
1076,2018,Namibia,119,4.441,0.365,56.5,56.5003719329834
1080,2018,Cambodia,120,4.433,0.457,61.599998474121094,61.582491874694824
1084,2018,Burkina Faso,121,4.4239999999999995,0.254,53.900001525878906,53.89736461639404
1088,2018,Egypt,122,4.419,0.5529999999999999,61.70000076293945,61.720038414001465
1092,2018,Mozambique,123,4.417,0.17300000000000001,54.20000076293945,54.20145606994629
1096,2018,Kenya,124,4.41,0.45399999999999996,60.099998474121094,60.09923267364502
1100,2018,Zambia,125,4.377,0.295,55.29999923706055,55.29984378814697
1104,2018,Mauritania,126,4.356,0.292,57.0,57.00254440307617
1108,2018,Ethiopia,127,4.35,0.391,58.5,58.534897804260254
1112,2018,Georgia,128,4.34,0.643,64.5,64.4988021850586
1116,2018,Armenia,129,4.321000000000001,0.6659999999999999,66.9000015258789,66.75021870930989
1120,2018,Myanmar,130,4.308,0.429,59.0,58.99042797088623
1124,2018,Chad,131,4.301,0.053,48.20000076293945,48.205135345458984
1128,2018,Congo (Kinshasa),132,4.245,0.204,52.900001525878906,52.900001525878906
1132,2018,India,133,4.19,0.485,60.099998474121094,60.12879657745361
1136,2018,Niger,134,4.166,0.221,53.5,53.50002384185791
1140,2018,Uganda,135,4.1610000000000005,0.237,55.70000076293945,55.70205020904541
1144,2018,Benin,136,4.141,0.24,54.29999923706055,54.30311679840088
1148,2018,Sudan,137,4.138999999999999,0.312,0.0,0.0
1150,2018,Ukraine,138,4.103,0.609,64.5999984741211,64.6016960144043
1154,2018,Togo,139,3.9989999999999997,0.253,54.70000076293945,54.70497417449951
1158,2018,Guinea,140,3.964,0.21100000000000002,54.400001525878906,54.41695022583008
1162,2018,Lesotho,141,3.8080000000000003,0.079,48.001207987467446,48.001207987467446
1166,2018,Angola,142,3.795,0.26899999999999996,0.0,0.0
1168,2018,Madagascar,143,3.7739999999999996,0.402,59.099998474121094,59.101356506347656
1172,2018,Zimbabwe,144,3.6919999999999997,0.248,55.599998474121094,55.60431480407715
1176,2018,Afghanistan,145,3.6319999999999997,0.255,52.599998474121094,52.59749984741211
1180,2018,Botswana,146,3.59,0.41700000000000004,58.900001525878906,58.906113624572754
1184,2018,Malawi,147,3.5869999999999997,0.306,57.599998474121094,57.59822177886963
1188,2018,Haiti,148,3.582,0.289,55.70000076293945,55.599541982014976
1192,2018,Liberia,149,3.495,0.267,56.099998474121094,56.09907817840576
1196,2018,Syria,150,3.4619999999999997,0.539,0.0,0.0
1199,2018,Rwanda,151,3.408,0.4,61.099998474121094,61.099711418151855
1203,2018,Yemen,152,3.355,0.34299999999999997,56.70000076293945,56.70682144165039
1207,2018,Tanzania,153,3.303,0.381,57.5,57.49901866912842
1211,2018,South Sudan,154,3.2539999999999996,0.177,51.0,51.0
1215,2018,Central African Republic,155,3.083,0.01,45.20000076293945,45.20000076293945
1219,2018,Burundi,156,2.905,0.145,53.400001525878906,53.400001525878906
1223,2019,Finland,1,7.769,0.986,72.0,71.90020751953125
1227,2019,Denmark,2,7.6,0.996,72.69999694824219,72.40062522888184
1231,2019,Norway,3,7.553999999999999,1.028,73.30000305175781,73.2001953125
1235,2019,Iceland,4,7.494,1.026,73.0,73.0
1239,2019,Netherlands,5,7.4879999999999995,0.9990000000000001,72.4000015258789,72.30023002624512
1243,2019,Switzerland,6,7.48,1.052,74.4000015258789,74.10061264038086
1247,2019,Sweden,7,7.343,1.0090000000000001,72.69999694824219,72.60019111633301
1251,2019,New Zealand,8,7.307,1.026,73.4000015258789,73.20065689086914
1255,2019,Canada,9,7.278,1.0390000000000001,73.80000305175781,73.60040092468262
1259,2019,Austria,10,7.246,1.016,73.30000305175781,73.00062561035156
1263,2019,Australia,11,7.228,1.036,73.9000015258789,73.60113525390625
1267,2019,Costa Rica,12,7.167000000000001,0.963,71.5,71.29996299743652
1271,2019,Israel,13,7.138999999999999,1.0290000000000001,73.20008595784505,73.20008595784505
1275,2019,Luxembourg,14,7.09,1.012,72.5999984741211,72.5999984741211
1279,2019,United Kingdom,15,7.053999999999999,0.996,72.5,72.30040168762207
1283,2019,Ireland,16,7.021,0.9990000000000001,72.4000015258789,72.30019760131836
1287,2019,Germany,17,6.985,0.987,72.5,72.20050430297852
1291,2019,Belgium,18,6.922999999999999,0.986,72.19999694824219,72.00041198730469
1295,2019,United States,19,6.892,0.8740000000000001,68.19999694824219,68.29987525939941
1299,2019,Czech Republic,20,6.852,0.92,70.04931386311848,70.04931386311848
1303,2019,United Arab Emirates,21,6.825,0.825,67.30000305175781,67.0956974029541
1307,2019,Malta,22,6.726,0.9990000000000001,72.19999694824219,72.19999694824219
1311,2019,Mexico,23,6.595,0.861,68.5999984741211,68.29975700378418
1315,2019,France,24,6.5920000000000005,1.045,74.0,73.80048370361328
1319,2019,Taiwan,25,6.446000000000001,0.914,69.5999984741211,69.5999984741211
1323,2019,Chile,26,6.444,0.92,70.0,69.90015602111816
1327,2019,Guatemala,27,6.436,0.746,65.0999984741211,64.80223655700684
1331,2019,Saudi Arabia,28,6.375,0.795,66.5999984741211,66.3012866973877
1335,2019,Qatar,29,6.374,0.871,0.0,0.0
1338,2019,Spain,30,6.354,1.062,74.69999694824219,74.40067672729492
1342,2019,Panama,31,6.321000000000001,0.91,69.69999694824219,69.60075187683105
1346,2019,Brazil,32,6.3,0.802,66.5999984741211,66.42004013061523
1350,2019,Uruguay,33,6.292999999999999,0.8909999999999999,69.0999984741211,69.00063705444336
1354,2019,Singapore,34,6.2620000000000005,1.141,77.0999984741211,76.80114555358887
1358,2019,El Salvador,35,6.252999999999999,0.789,66.4000015258789,66.10206604003906
1362,2019,Italy,36,6.223,1.0390000000000001,73.80000305175781,73.60042190551758
1366,2019,Bahrain,37,6.199,0.871,68.5,68.5
1370,2019,Slovakia,38,6.1979999999999995,0.8809999999999999,69.19999694824219,68.90158462524414
1374,2019,Trinidad & Tobago,39,6.192,0.713,63.5,63.5
1378,2019,Poland,40,6.182,0.884,69.69999694824219,69.30278396606445
1382,2019,Uzbekistan,41,6.1739999999999995,0.7559999999999999,65.4000015258789,65.10189437866211
1386,2019,Lithuania,42,6.149,0.818,67.9000015258789,67.29851913452148
1390,2019,Colombia,43,6.125,0.841,68.0,67.69989585876465
1394,2019,Slovenia,44,6.117999999999999,0.953,71.4000015258789,71.10074806213379
1398,2019,Nicaragua,45,6.105,0.835,67.80000305175781,67.50179481506348
1402,2019,Kosovo,46,6.1,0.758,63.885555267333984,63.885555267333984
1406,2019,Argentina,47,6.086,0.8809999999999999,69.0,68.80095100402832
1410,2019,Romania,48,6.07,0.825,67.5,67.20180892944336
1414,2019,Cyprus,49,6.046,1.042,73.9000015258789,73.7005558013916
1418,2019,Ecuador,50,6.028,0.868,68.80000305175781,68.50000953674316
1422,2019,Kuwait,51,6.021,0.8079999999999999,66.9000015258789,66.72254943847656
1426,2019,Thailand,52,6.007999999999999,0.828,67.4000015258789,67.21264839172363
1430,2019,Latvia,53,5.94,0.812,67.0999984741211,66.80186653137207
1434,2019,South Korea,54,5.895,1.036,73.9000015258789,73.60068321228027
1438,2019,Estonia,55,5.893,0.8740000000000001,68.80000305175781,68.60124015808105
1442,2019,Jamaica,56,5.89,0.831,67.0999984741211,67.0999984741211
1446,2019,Mauritius,57,5.888,0.7979999999999999,66.69999694824219,66.40108489990234
1450,2019,Japan,58,5.886,1.088,75.0999984741211,75.00024223327637
1454,2019,Honduras,59,5.86,0.828,67.4000015258789,67.19969177246094
1458,2019,Kazakhstan,60,5.809,0.7290000000000001,65.19999694824219,64.60248947143555
1462,2019,Bolivia,61,5.779,0.706,63.900001525878906,63.600117683410645
1466,2019,Hungary,62,5.757999999999999,0.828,68.0,67.60249137878418
1470,2019,Paraguay,63,5.742999999999999,0.777,65.9000015258789,65.6799799601237
1474,2019,Northern Cyprus,64,5.718,1.042,73.70222473144531,73.70222473144531
1478,2019,Peru,65,5.697,0.8540000000000001,68.4000015258789,68.10005950927734
1482,2019,Portugal,66,5.693,0.9990000000000001,72.5999984741211,72.40050506591797
1486,2019,Pakistan,67,5.653,0.535,58.28437805175781,58.28437805175781
1490,2019,Russia,68,5.648,0.726,64.10015360514323,64.10015360514323
1494,2019,Philippines,69,5.631,0.657,62.0,61.90669059753418
1498,2019,Serbia,70,5.603,0.8540000000000001,68.5999984741211,68.20255088806152
1502,2019,Moldova,71,5.529,0.7390000000000001,65.69999694824219,65.00325393676758
1506,2019,Libya,72,5.525,0.6729999999999999,62.29999923706055,62.29999923706055
1510,2019,Montenegro,73,5.523,0.871,68.69999694824219,68.5013370513916
1514,2019,Tajikistan,74,5.4670000000000005,0.718,64.4000015258789,64.10114765167236
1518,2019,Croatia,75,5.432,0.914,70.80000305175781,70.20372581481934
1522,2019,Hong Kong,76,5.43,1.122,76.7717056274414,76.7717056274414
1526,2019,Dominican Republic,77,5.425,0.779,66.0999984741211,65.80187225341797
1530,2019,Bosnia and Herzegovina,78,5.386,0.845,68.0999984741211,67.80203437805176
1534,2019,Turkey,79,5.372999999999999,0.8079999999999999,67.19999694824219,66.82570457458496
1538,2019,Malaysia,80,5.3389999999999995,0.828,67.19999694824219,67.10071818033855
1542,2019,Belarus,81,5.3229999999999995,0.789,66.4000015258789,66.10108375549316
1546,2019,Greece,82,5.287000000000001,0.9990000000000001,72.5999984741211,72.40131378173828
1550,2019,Mongolia,83,5.285,0.667,62.5,62.30112075805664
1554,2019,Macedonia,84,5.274,0.838,67.69999694824219,67.50110626220703
1558,2019,Nigeria,85,5.265,0.245,50.099998474121094,49.74047660827637
1562,2019,Kyrgyzstan,86,5.261,0.723,64.4000015258789,64.10150241851807
1566,2019,Turkmenistan,87,5.247000000000001,0.657,62.599998474121094,62.20292663574219
1570,2019,Algeria,88,5.211,0.785,66.0999984741211,65.90129280090332
1574,2019,Morocco,89,5.207999999999999,0.782,66.19999694824219,65.8990592956543
1578,2019,Azerbaijan,90,5.207999999999999,0.769,65.80000305175781,65.50209999084473
1582,2019,Lebanon,91,5.197,0.815,67.5999984741211,67.10164451599121
1586,2019,Indonesia,92,5.192,0.66,62.29999923706055,62.113962173461914
1590,2019,China,93,5.191,0.893,69.5999984741211,69.29729843139648
1594,2019,Vietnam,94,5.175,0.851,68.0999984741211,67.91318321228027
1598,2019,Bhutan,95,5.082,0.604,0.0,0.0
1601,2019,Cameroon,96,5.044,0.331,53.5,52.7012357711792
1605,2019,Bulgaria,97,5.011,0.815,67.0,66.80099487304688
1609,2019,Ghana,98,4.996,0.486,57.599998474121094,57.20099639892578
1613,2019,Ivory Coast,99,4.944,0.23199999999999998,50.099998474121094,49.500943183898926
1617,2019,Nepal,100,4.913,0.677,64.5999984741211,63.56979465484619
1621,2019,Jordan,101,4.906000000000001,0.815,67.0,66.7999382019043
1625,2019,Benin,102,4.883,0.397,54.70000076293945,54.30311679840088
1629,2019,Congo (Brazzaville),103,4.812,0.508,58.5,57.90612030029297
1633,2019,Gabon,104,4.7989999999999995,0.5710000000000001,60.20000076293945,59.70383548736572
1637,2019,Laos,105,4.796,0.551,59.099998474121094,58.83664067586263
1640,2019,South Africa,106,4.7219999999999995,0.469,56.900001525878906,56.501502990722656
1644,2019,Albania,107,4.718999999999999,0.8740000000000001,69.0,68.70203399658203
1648,2019,Venezuela,108,4.707,0.805,66.69999694824219,66.50133514404297
1652,2019,Cambodia,109,4.7,0.637,62.0,61.582491874694824
1656,2019,Palestinian Territories,110,4.696000000000001,0.672,62.25,62.25
1660,2019,Senegal,111,4.681,0.5710000000000001,60.0,59.59978771209717
1664,2019,Somalia,112,4.668,0.268,0.0,0.0
1667,2019,Namibia,113,4.638999999999999,0.47700000000000004,56.79999923706055,56.5003719329834
1671,2019,Niger,114,4.628,0.366,54.0,53.50002384185791
1675,2019,Burkina Faso,115,4.587,0.38,54.400001525878906,53.89736461639404
1679,2019,Armenia,116,4.559,0.815,66.75021870930989,66.75021870930989
1683,2019,Iran,117,4.548,0.785,66.30000305175781,66.00153732299805
1687,2019,Guinea,118,4.534,0.375,55.5,54.41695022583008
1691,2019,Georgia,119,4.519,0.752,64.30000305175781,64.4988021850586
1695,2019,Gambia,120,4.516,0.428,55.29999923706055,55.15600776672363
1697,2019,Kenya,121,4.5089999999999995,0.581,60.70000076293945,60.09923267364502
1701,2019,Mauritania,122,4.49,0.489,57.29999923706055,57.00254440307617
1705,2019,Mozambique,123,4.466,0.39,55.20000076293945,54.20145606994629
1709,2019,Tunisia,124,4.461,0.815,67.19999694824219,66.89946365356445
1713,2019,Bangladesh,125,4.456,0.723,64.80000305175781,64.35076808929443
1717,2019,Iraq,126,4.437,0.574,59.90118281046549,59.90118281046549
1721,2019,Congo (Kinshasa),127,4.418,0.35700000000000004,52.900001525878906,52.900001525878906
1725,2019,Mali,128,4.39,0.308,52.20000076293945,51.706746101379395
1729,2019,Sierra Leone,129,4.374,0.242,52.400001525878906,50.81628608703613
1733,2019,Sri Lanka,130,4.3660000000000005,0.831,67.4000015258789,67.20001602172852
1737,2019,Myanmar,131,4.36,0.555,59.29999923706055,58.99042797088623
1741,2019,Chad,132,4.35,0.192,48.70000076293945,48.205135345458984
1745,2019,Ukraine,133,4.332,0.7390000000000001,64.9000015258789,64.6016960144043
1749,2019,Ethiopia,134,4.2860000000000005,0.532,59.0,58.534897804260254
1753,2019,Swaziland,135,4.212,0.0,51.73661804199219,51.46242713928223
1755,2019,Uganda,136,4.189,0.44299999999999995,56.099998474121094,55.70205020904541
1759,2019,Egypt,137,4.166,0.644,62.0,61.720038414001465
1763,2019,Zambia,138,4.107,0.426,55.79999923706055,55.29984378814697
1767,2019,Togo,139,4.085,0.41,55.099998474121094,54.70497417449951
1771,2019,India,140,4.015,0.588,60.5,60.12879657745361
1775,2019,Liberia,141,3.975,0.44299999999999995,56.900001525878906,56.09907817840576
1779,2019,Comoros,142,3.9730000000000003,0.505,57.5,57.42450523376465
1781,2019,Madagascar,143,3.9330000000000003,0.555,59.5,59.101356506347656
1785,2019,Lesotho,144,3.802,0.168,48.70000076293945,48.001207987467446
1789,2019,Burundi,145,3.775,0.38,53.400001525878906,53.400001525878906
1793,2019,Zimbabwe,146,3.6630000000000003,0.433,56.20000076293945,55.60431480407715
1797,2019,Haiti,147,3.597,0.449,55.599541982014976,55.599541982014976
1801,2019,Botswana,148,3.488,0.5379999999999999,59.599998474121094,58.906113624572754
1805,2019,Syria,149,3.4619999999999997,0.44,0.0,0.0
1808,2019,Malawi,150,3.41,0.495,58.29999923706055,57.59822177886963
1812,2019,Yemen,151,3.38,0.46299999999999997,57.5,56.70682144165039
1816,2019,Rwanda,152,3.3339999999999996,0.614,61.70000076293945,61.099711418151855
1820,2019,Tanzania,153,3.2310000000000003,0.499,58.0,57.49901866912842
1824,2019,Afghanistan,154,3.2030000000000003,0.361,52.400001525878906,52.59749984741211
1828,2019,Central African Republic,155,3.083,0.105,45.20000076293945,45.20000076293945
1832,2019,South Sudan,156,2.853,0.295,51.0,51.0
1836,2020,Finland,1,7.808700084686279,0.9612714052200317,71.90082550048828,71.90020751953125
1840,2020,Denmark,2,7.645599842071533,0.9793325662612915,72.40250396728516,72.40062522888184
1844,2020,Switzerland,3,7.559899806976318,1.040533185005188,74.10244750976562,74.10061264038086
1848,2020,Iceland,4,7.504499912261963,1.0008434057235718,73.0,73.0
1852,2020,Norway,5,7.48799991607666,1.0080718994140625,73.2007827758789,73.2001953125
1856,2020,Netherlands,6,7.44890022277832,0.9756753444671631,72.30091857910156,72.30023002624512
1860,2020,Sweden,7,7.353499889373779,0.9864704608917236,72.60076904296875,72.60019111633301
1864,2020,New Zealand,8,7.299600124359131,1.0081382989883423,73.20262908935547,73.20065689086914
1868,2020,Austria,9,7.2941999435424805,1.0009335279464722,73.00250244140625,73.00062561035156
1872,2020,Luxembourg,10,7.237500190734863,0.9864426851272583,72.5999984741211,72.5999984741211
1876,2020,Canada,11,7.232100009918213,1.0225019454956055,73.60160064697266,73.60040092468262
1880,2020,Australia,12,7.222799777984619,1.022607684135437,73.60453796386719,73.60113525390625
1884,2020,United Kingdom,13,7.1645002365112305,0.9757000803947449,72.30160522460938,72.30040168762207
1888,2020,Israel,14,7.128600120544434,1.008052945137024,73.20025634765625,73.20008595784505
1892,2020,Costa Rica,15,7.121399879455566,0.9396353363990784,71.29985046386719,71.29996299743652
1896,2020,Ireland,16,7.093699932098389,0.9756706953048706,72.30078887939453,72.30019760131836
1900,2020,Germany,17,7.075799942016602,0.9721148014068604,72.20201873779297,72.20050430297852
1904,2020,United States,18,6.939599990844727,0.8316180109977722,68.29949951171875,68.29987525939941
1908,2020,Czech Republic,19,6.910900115966797,0.8945644497871399,70.04793548583984,70.04931386311848
1912,2020,Belgium,20,6.863500118255615,0.9649011492729187,72.00164794921875,72.00041198730469
1916,2020,United Arab Emirates,21,6.790800094604492,0.7878144383430481,67.0827865600586,67.0956974029541
1920,2020,Malta,22,6.772799968719482,0.9720420241355896,72.19999694824219,72.19999694824219
1924,2020,France,23,6.66379976272583,1.0297142267227173,73.80193328857422,73.80048370361328
1928,2020,Mexico,24,6.465000152587891,0.8316010236740112,68.29902648925781,68.29975700378418
1932,2020,Taiwan,25,6.455399990081787,0.8784379959106445,69.5999984741211,69.5999984741211
1936,2020,Uruguay,26,6.440100193023682,0.8569288849830627,69.00254821777344,69.00063705444336
1940,2020,Saudi Arabia,27,6.406499862670898,0.7598181366920471,66.30514526367188,66.3012866973877
1944,2020,Spain,28,6.400899887084961,1.0513430833816528,74.4027099609375,74.40067672729492
1948,2020,Guatemala,29,6.398900032043457,0.7059525847434998,64.80894470214844,64.80223655700684
1952,2020,Italy,30,6.387400150299072,1.0225049257278442,73.6016845703125,73.60042190551758
1956,2020,Singapore,31,6.377099990844727,1.1378142833709717,76.80458068847656,76.80114555358887
1960,2020,Brazil,32,6.3755998611450195,0.7661190629005432,66.48016357421875,66.42004013061523
1964,2020,Slovenia,33,6.363399982452393,0.9325480461120605,71.10298919677734,71.10074806213379
1968,2020,El Salvador,34,6.348299980163574,0.7527300119400024,66.10826110839844,66.10206604003906
1972,2020,Kosovo,35,6.325200080871582,0.6727091670036316,63.885555267333984,63.885555267333984
1976,2020,Panama,36,6.304800033569336,0.8785465359687805,69.60301208496094,69.60075187683105
1980,2020,Slovakia,37,6.280600070953369,0.8534652590751648,68.90634155273438,68.90158462524414
1984,2020,Uzbekistan,38,6.257599830627441,0.7167037129402161,65.10757446289062,65.10189437866211
1988,2020,Chile,39,6.228499889373779,0.8892608284950256,69.90061950683594,69.90015602111816
1992,2020,Bahrain,40,6.22730016708374,0.8388363718986511,68.5,68.5
1996,2020,Lithuania,41,6.2154998779296875,0.7954211831092834,67.29407501220703,67.29851913452148
2000,2020,Trinidad & Tobago,42,6.19189977645874,0.6588285565376282,63.5,63.5
2004,2020,Poland,43,6.186299800872803,0.8680384755134583,69.3111343383789,69.30278396606445
2008,2020,Colombia,44,6.163400173187256,0.8100201487541199,67.6995849609375,67.69989585876465
2012,2020,Cyprus,45,6.158999919891357,1.0261245965957642,73.70222473144531,73.7005558013916
2016,2020,Nicaragua,46,6.1371002197265625,0.8030932545661926,67.5071792602539,67.50179481506348
2020,2020,Romania,47,6.123700141906738,0.7922948598861694,67.20723724365234,67.20180892944336
2024,2020,Kuwait,48,6.102099895477295,0.7764689326286316,66.76764678955078,66.72254943847656
2028,2020,Mauritius,49,6.10129976272583,0.7633894085884094,66.40434265136719,66.40108489990234
2032,2020,Kazakhstan,50,6.0578999519348145,0.6987889409065247,64.6099624633789,64.60248947143555
2036,2020,Estonia,51,6.0218000411987305,0.842615008354187,68.6049575805664,68.60124015808105
2040,2020,Philippines,52,6.00600004196167,0.6021894812583923,61.926761627197266,61.90669059753418
2044,2020,Hungary,53,6.000400066375732,0.8067938685417175,67.60997009277344,67.60249137878418
2048,2020,Thailand,54,5.998799800872803,0.7938558459281921,67.25059509277344,67.21264839172363
2052,2020,Argentina,55,5.974699974060059,0.8497737050056458,68.80380249023438,68.80095100402832
2056,2020,Honduras,56,5.953199863433838,0.7919899821281433,67.19876861572266,67.19969177246094
2060,2020,Latvia,57,5.949999809265137,0.7779024243354797,66.80746459960938,66.80186653137207
2064,2020,Ecuador,58,5.92519998550415,0.838837742805481,68.50003814697266,68.50000953674316
2068,2020,Portugal,59,5.910900115966797,0.9793152809143066,72.40202331542969,72.40050506591797
2072,2020,Jamaica,60,5.889800071716309,0.7884340882301331,67.0999984741211,67.0999984741211
2076,2020,South Korea,61,5.872399806976318,1.0225425958633423,73.60272979736328,73.60068321228027
2080,2020,Japan,62,5.870800018310547,1.0728813409805298,75.00096893310547,75.00024223327637
2084,2020,Peru,63,5.796800136566162,0.8244441747665405,68.10023498535156,68.10005950927734
2088,2020,Serbia,64,5.778200149536133,0.8284032940864563,68.210205078125,68.20255088806152
2092,2020,Bolivia,65,5.747499942779541,0.6624456644058228,63.60047149658203,63.600117683410645
2096,2020,Pakistan,66,5.693299770355225,0.46993324160575867,58.253135681152344,58.28437805175781
2100,2020,Paraguay,67,5.6921000480651855,0.7358696460723877,65.63993835449219,65.6799799601237
2104,2020,Dominican Republic,68,5.689199924468994,0.741901695728302,65.80748748779297,65.80187225341797
2108,2020,Bosnia and Herzegovina,69,5.674099922180176,0.8139281868934631,67.80813598632812,67.80203437805176
2112,2020,Moldova,70,5.607500076293945,0.7132994532585144,65.01301574707031,65.00325393676758
2116,2020,Tajikistan,71,5.555699825286865,0.680594801902771,64.1045913696289,64.10114765167236
2120,2020,Montenegro,72,5.54610013961792,0.8390288949012756,68.5053482055664,68.5013370513916
2124,2020,Russia,73,5.546000003814697,0.6804459095001221,64.10045623779297,64.10015360514323
2128,2020,Kyrgyzstan,74,5.541500091552734,0.6806458830833435,64.10601043701172,64.10150241851807
2132,2020,Belarus,75,5.539899826049805,0.7525885701179504,66.10433197021484,66.10108375549316
2136,2020,Northern Cyprus,76,5.5355000495910645,1.0261245965957642,73.70222473144531,73.70222473144531
2140,2020,Greece,77,5.514999866485596,0.9794317483901978,72.40525817871094,72.40131378173828
2144,2020,Hong Kong,78,5.51039981842041,1.136630654335022,76.7717056274414,76.7717056274414
2148,2020,Croatia,79,5.504700183868408,0.900575578212738,70.21490478515625,70.20372581481934
2152,2020,Libya,80,5.488800048828125,0.6156266331672668,62.29999923706055,62.29999923706055
2156,2020,Mongolia,81,5.456200122833252,0.6157881617546082,62.30448532104492,62.30112075805664
2160,2020,Malaysia,82,5.384300231933594,0.7885118722915649,67.10215759277344,67.10071818033855
2164,2020,Vietnam,83,5.353499889373779,0.819133996963501,67.9527359008789,67.91318321228027
2168,2020,Indonesia,84,5.285600185394287,0.6104370355606079,62.15584945678711,62.113962173461914
2172,2020,Ivory Coast,85,5.23330020904541,0.15494251251220703,49.5037727355957,49.500943183898926
2176,2020,Benin,86,5.216000080108643,0.3280629515647888,54.31246566772461,54.30311679840088
2180,2020,Maldives,87,5.1975998878479,0.9144395589828491,70.5999984741211,70.5999984741211
2181,2020,Congo (Brazzaville),88,5.194399833679199,0.4581011235713959,57.92448043823242,57.90612030029297
2185,2020,Azerbaijan,89,5.16480016708374,0.7311340570449829,65.5083999633789,65.50209999084473
2189,2020,Macedonia,90,5.159800052642822,0.8029941320419312,67.50442504882812,67.50110626220703
2193,2020,Ghana,91,5.1479997634887695,0.43216225504875183,57.20398712158203,57.20099639892578
2197,2020,Nepal,92,5.137199878692627,0.6688793897628784,63.779178619384766,63.56979465484619
2201,2020,Turkey,93,5.131800174713135,0.7813352942466736,66.90281677246094,66.82570457458496
2205,2020,China,94,5.123899936676025,0.86724853515625,69.28919219970703,69.29729843139648
2209,2020,Turkmenistan,95,5.119100093841553,0.6124480366706848,62.211708068847656,62.20292663574219
2213,2020,Bulgaria,96,5.101500034332275,0.7777768969535828,66.8039779663086,66.80099487304688
2217,2020,Morocco,97,5.094799995422363,0.7450969219207764,65.896240234375,65.8990592956543
2221,2020,Cameroon,98,5.08489990234375,0.2701895534992218,52.70494079589844,52.7012357711792
2225,2020,Venezuela,99,5.053199768066406,0.7670255303382874,66.50534057617188,66.50133514404297
2229,2020,Algeria,100,5.005099773406982,0.7454185485839844,65.9051742553711,65.90129280090332
2233,2020,Senegal,101,4.980800151824951,0.5183919072151184,59.599151611328125,59.59978771209717
2237,2020,Guinea,102,4.9492998123168945,0.3336552381515503,54.46780014038086,54.41695022583008
2241,2020,Niger,103,4.909599781036377,0.29881635308265686,53.50009536743164,53.50002384185791
2245,2020,Laos,104,4.888599872589111,0.4863782823085785,58.709922790527344,58.83664067586263
2248,2020,Albania,105,4.882699966430664,0.8463296294212341,68.70813751220703,68.70203399658203
2252,2020,Cambodia,106,4.848400115966797,0.5879043340682983,61.52996826171875,61.582491874694824
2256,2020,Bangladesh,107,4.832799911499023,0.6949405074119568,64.50306701660156,64.35076808929443
2260,2020,Gabon,108,4.8292999267578125,0.5225748419761658,59.71533966064453,59.70383548736572
2264,2020,South Africa,109,4.8140997886657715,0.4070340692996979,56.506011962890625,56.501502990722656
2268,2020,Iraq,110,4.784800052642822,0.5293506979942322,59.90354919433594,59.90118281046549
2272,2020,Lebanon,111,4.771500110626221,0.7886711359024048,67.10658264160156,67.10164451599121
2276,2020,Burkina Faso,112,4.768700122833252,0.31283387541770935,53.88945388793945,53.89736461639404
2280,2020,Gambia,113,4.7505998611450195,0.35324788093566895,55.01201629638672,55.15600776672363
2282,2020,Mali,114,4.729300022125244,0.23498152196407318,51.72698211669922,51.706746101379395
2286,2020,Nigeria,115,4.724100112915039,0.16783593595027924,49.861907958984375,49.74047660827637
2290,2020,Armenia,116,4.676799774169922,0.7758572697639465,66.75065612792969,66.75021870930989
2294,2020,Georgia,117,4.672599792480469,0.6946576237678528,64.49520874023438,64.4988021850586
2298,2020,Iran,118,4.672399997711182,0.7490538358688354,66.00614929199219,66.00153732299805
2302,2020,Jordan,119,4.633399963378906,0.7776247262954712,66.79975128173828,66.7999382019043
2306,2020,Mozambique,120,4.623600006103516,0.3242236375808716,54.2058219909668,54.20145606994629
2310,2020,Kenya,121,4.583000183105469,0.5363127589225769,60.09693145751953,60.09923267364502
2314,2020,Namibia,122,4.571100234985352,0.40687116980552673,56.501487731933594,56.5003719329834
2318,2020,Ukraine,123,4.560699939727783,0.6986743807792664,64.60678100585938,64.6016960144043
2322,2020,Liberia,124,4.5578999519348145,0.3922842741012573,56.0963134765625,56.09907817840576
2326,2020,Palestinian Territories,125,4.552800178527832,0.61382657289505,62.25,62.25
2330,2020,Uganda,126,4.432000160217285,0.3783116638660431,55.70820236206055,55.70205020904541
2334,2020,Chad,127,4.422699928283691,0.10874409973621368,48.22053909301758,48.205135345458984
2338,2020,Tunisia,128,4.392199993133545,0.7811567187309265,66.89785766601562,66.89946365356445
2342,2020,Mauritania,129,4.374599933624268,0.42518481612205505,57.01017761230469,57.00254440307617
2346,2020,Sri Lanka,130,4.327000141143799,0.7920367121696472,67.20006561279297,67.20001602172852
2350,2020,Congo (Kinshasa),131,4.310999870300293,0.2772120535373688,52.900001525878906,52.900001525878906
2354,2020,Swaziland,132,4.30810022354126,0.2155858278274536,51.188236236572266,51.46242713928223
2356,2020,Myanmar,133,4.308000087738037,0.49544307589530945,58.96171188354492,58.99042797088623
2360,2020,Comoros,134,4.288599967956543,0.4373833239078522,57.3490104675293,57.42450523376465
2362,2020,Togo,135,4.18720006942749,0.34273117780685425,54.71989822387695,54.70497417449951
2366,2020,Ethiopia,136,4.186200141906738,0.4838462471961975,58.639591217041016,58.534897804260254
2370,2020,Madagascar,137,4.165599822998047,0.5006170272827148,59.10542678833008,59.101356506347656
2374,2020,Egypt,138,4.151400089263916,0.5969113111495972,61.7801513671875,61.720038414001465
2378,2020,Sierra Leone,139,3.9263999462127686,0.20395396649837494,50.865142822265625,50.81628608703613
2382,2020,Burundi,140,3.7753000259399414,0.29521283507347107,53.400001525878906,53.400001525878906
2386,2020,Zambia,141,3.759399890899658,0.36359333992004395,55.29937744140625,55.29984378814697
2390,2020,Haiti,142,3.7207999229431152,0.37436673045158386,55.59862518310547,55.599541982014976
2394,2020,Lesotho,143,3.6528000831604004,0.10093481093645096,48.003623962402344,48.001207987467446
2398,2020,India,144,3.5732998847961426,0.5405701398849487,60.215187072753906,60.12879657745361
2402,2020,Malawi,145,3.5380001068115234,0.4461632966995239,57.59288787841797,57.59822177886963
2406,2020,Yemen,146,3.527400016784668,0.41500017046928406,56.7272834777832,56.70682144165039
2410,2020,Botswana,147,3.4788999557495117,0.49410173296928406,58.92445373535156,58.906113624572754
2414,2020,Tanzania,148,3.4762001037597656,0.4426778554916382,57.49607467651367,57.49901866912842
2418,2020,Central African Republic,149,3.4758999347686768,0.0,45.20000076293945,45.20000076293945
2422,2020,Rwanda,150,3.312299966812134,0.5723832845687866,61.098846435546875,61.099711418151855
2426,2020,Zimbabwe,151,3.2992000579833984,0.37503761053085327,55.61725997924805,55.60431480407715
2430,2020,South Sudan,152,2.8166000843048096,0.208809033036232,51.0,51.0
2434,2020,Afghanistan,153,2.5669000148773193,0.2660515308380127,52.59000015258789,52.59749984741211
